"Symbol","Symbol_CC_CNVs","ID","SEQUENCE","Cytoband","FoldChange_CC1_to_CC0","FoldChange_CC2_to_CC0","ctrl_CC_median","group1_CC_median","group2_CC_median","cc0_GSM4027437","cc0_GSM4027439","cc1_GSM4027441","cc1_GSM4027442","cc2_GSM4027444","cc2_GSM4027446"
"HYDIN",17,"ILMN_1697764","GCAATTAAGTATGTGGAACACCCTCAGATAGACAGCCTGGACCTGCGCGG","16q22.1f-q22.3a",7.15384615384615,0.461538461538461,-0.65,-4.65,-0.3,-1.3,0,-9.8,0.5,8.5,-9.1
"HYDIN",17,"ILMN_1743138","TGTGCATTGCCAGTCATTCCCATGCCTTTGCCACGGTGTCCTTCACCCCG","16q22.1f-q22.3a",5.35555555555556,-0.466666666666667,2.25,12.05,-1.05,13.3,-8.8,14.7,9.4,-7,4.9
"HYDIN",17,"ILMN_1658413","CTTTGGGAGCCAGGACCCCCCTTTGGTATGTCACTTAAAGAGCGCTGGAG","16q22.1f-q22.3a",-11.375,10.4583333333333,-1.2,13.65,-12.55,-7.9,5.5,8.6,18.7,-18.4,-6.7
"SDHALP1",13,"ILMN_1734640","GTGATGACAGAATCAGCTTTTGTAATTATGTATAATAGCTCATGCATGTG","3q29f",8.62162162162162,-1.67567567567567,-1.85,-15.95,3.1,10.6,-14.3,-17.2,-14.7,15.2,-9
"SDHALP1",13,"ILMN_1757306","AGCCCTCCTGGACGATTGGAACTGTAATGTGGAAAGGGCTCTGATGGAGC","3q29f",1.97619047619048,-8.78571428571428,-4.2,-8.3,36.9,5.4,-13.8,-10.5,-6.1,13.5,60.3
"SDHALP1",13,"ILMN_1718539","GTTCTTCAGATGAACTGATTTTTGTGCAGAGCACACGTGTTGGATTCTGC","3q29f",-6.27272727272727,-15.3636363636364,0.55,-3.45,-8.45,1.6,-0.5,-3.1,-3.8,7.9,-24.8
"POLR2J4",11,"ILMN_1678314","TGTCTCATGAGGAAATGATGGGAATTCCTTTATGACTCTGCAGTGGTCCC","7p13d",27,45.2,-0.25,-6.75,-11.3,-3.8,3.3,-9.1,-4.4,-17.9,-4.7
"POLR2J4",11,"ILMN_1808946","TGTGGAGTCTGGGCCTGTGGCTCCCGTCTGCCCCATGGGACTTCTGTAGT","7p13d",-1.28947368421053,-3.65789473684211,1.9,-2.45,-6.95,15.2,-11.4,3.8,-8.7,-9.3,-4.6
"POLR2J4",11,"ILMN_1665985","GAACCCGAGGGCCAGGAAGAACCGCTCTCAGATAGTCCTGTTCCAGAAAC","7p13d",-3.71428571428571,-13.5714285714286,0.35,-1.3,-4.75,2.5,-1.8,-0.9,-1.7,-5.9,-3.6
"POLR2J4",11,"ILMN_1775442","ACCCGCGGCCACAATCCTGAGACTTCCCCCCGGGAGGCACACTTCTCCTC","7p13d",-3.98507462686567,0.238805970149254,-3.35,13.35,-0.8,-4.9,-1.8,15.7,11,2.3,-3.9
"POLR2J4",11,"ILMN_1678827","TGAACCCGAGGGCCAGGAAGAACCGCTCTCAGATAGTCCTGTTCCAGAAA","7p13d",-4.21052631578947,38.3684210526316,0.95,-4,36.45,6,-4.1,3.2,-11.2,52.1,20.8
"DDX12",10,"ILMN_1684574","AAACGTTACAGTGTTCCGATGAGACACAGTAGGCAGTACTTGGGAGGGTC","12p13.31a",15.5714285714286,26.8571428571429,-0.35,-5.45,-9.4,-3.2,2.5,-15.4,4.5,-8.4,-10.4
"DDX12",10,"ILMN_1685728","TCTCCTGCCCCCTCCGGAAGCTTGGATGCCCCTCCACACCCTCTTGATCT","12p13.31a",6.31578947368421,-8.89473684210526,1.9,12,-16.9,1.2,2.6,17,7,-10.8,-23
"DDX12",10,"ILMN_1760147","CAGGGCAGGAACCACGTCTTTACAGTTTGATGTTCCCAGAGCTGACCCAG","12p13.31a",5.41428571428571,1.51428571428571,7,37.9,10.6,8.5,5.5,26.3,49.5,21.4,-0.2
"CCR2",10,"ILMN_2276996","CCTTTTTCACATAGCTCTTGGCTGTAGGATTGCCCCACTCCAAAAACCAG",NA,4.15254237288136,-3.98305084745763,2.95,12.25,-11.75,-7,12.9,10.4,14.1,-9.2,-14.3
"CCR2",10,"ILMN_3188479","GAAGCTCAGAGTCGTTAGAAACAGGAGCAGATGTACAGGGTTTGCCTGAC","3p21.31i",3,-5.45454545454545,-0.55,-1.65,3,-2.4,1.3,-5.7,2.4,-5.7,11.7
"CCR2",10,"ILMN_1777461","CAGTTGCTGAGAAGCCTGACATACCAGGACTGCCTGAGACAAGCCACAAG",NA,-0.725,-3.6,-4,2.9,14.4,-7.7,-0.3,-1.7,7.5,38.9,-10.1
"DDX12",10,"ILMN_1710426","CCAGTCCCTGACTACAGAGGATTTCCCCAAAGTCCCTGGCTGTGAGGTTC","12p13.31a",-13.4545454545455,-12.3636363636364,-1.1,14.8,13.6,2.3,-4.5,12,17.6,34.8,-7.6
"KIAA0692",9,"ILMN_1764615","GATCACAGGCACAGGGAAGCCACAAGGAGCTCTGTATGAGTTGTGTTTGC","12q24.33d",6.57894736842105,-5.05263157894737,-0.95,-6.25,4.8,-3.1,1.2,-12.3,-0.2,0.2,9.4
"KIAA0692",9,"ILMN_1754271","AAGTGGTGCCTGGCTGTCCCTATACTGTGCTGCTGGGTGTTCCAGCCTGT","12q24.33d",6.23076923076923,3.53846153846154,0.65,4.05,2.3,-5.2,6.5,1.9,6.2,16.5,-11.9
"PLEC1",8,"ILMN_1685313","GGCGCAGACATGGACCCCTCGCGAGCCATCCAGAACGAGATCAGCTCCCT","8q24.3g",50.6,17.8,-0.25,-12.65,-4.45,2.8,-3.3,-11.6,-13.7,-6.6,-2.3
"DMD",8,"ILMN_2381286","GGCAAGTTCAACAGGATTTTGTGACCAGCGCAGGCTGGGCCTCCTTCTGC","Xp21.2a-p21.1d",7.49999999999999,-8.58333333333333,-0.600000000000001,-4.5,5.15,-8.8,7.6,-4.2,-4.8,15.3,-5
"PLEC1",8,"ILMN_1788005","CCCGACGAGCAGGACTTCATCCAGGCCTACGAGGAGGTGCGCGAGAAGTA","8q24.3g",7.05882352941176,-10.4705882352941,-0.85,-6,8.9,-1.4,-0.3,-6.3,-5.7,20,-2.2
"PTGER3",8,"ILMN_2290444","TGAGCACTTTCCATGTGTTGATTGACTCGGAAAGGTGGGAGATTACCAGC","1p31.1j",5.23478260869565,8.87826086956522,5.75,30.1,51.05,-8.6,20.1,36.9,23.3,87.9,14.2
"AGL",8,"ILMN_1680343","CTTTGCCCTTCACGGCGCCCGGCCCTCCTTGGGCTGCGGCTTCTGTGCGA","1p21.2a",5.15254237288136,7.6271186440678,2.95,15.2,22.5,6.7,-0.8,-2.2,32.6,-5.2,50.2
"DMD",8,"ILMN_2373106","CCAAAAGGTATTTTGCGAAGCATCCCCGAATGGGCTACCTGCCAGTGCAG","Xp21.2a-p21.1d",3.66666666666667,13.8333333333333,-0.9,-3.3,-12.45,-2.1,0.3,-4.5,-2.1,-10.3,-14.6
"PLEC1",8,"ILMN_1744268","AGCCTCTGTTCCCCTAGTAAGTGCCTTCCATGTCGGCCTCTAACCCCAGG","8q24.3g",3.14725457570715,6.12728785357737,60.1,189.15,368.25,64.9,55.3,205.2,173.1,363.1,373.4
"DMD",8,"ILMN_1761812","CTCCTCTCAGCTGAACACCCTCCTTTCACTCCCAAATGCAAACAGTCTCT","Xp21.2a-p21.1d",-3.57142857142857,4.26785714285714,-2.8,10,-11.95,0.7,-6.3,12.6,7.4,-15.1,-8.8
"VCX2",7,"ILMN_1670493","GGGTGCTTGCCATTCTGAAGATAATAAAATGAATGTGTTGCAAATTGAAA","Xp22.31c",20.75,36.75,-0.2,-4.15,-7.35,7.3,-7.7,5.6,-13.9,-11.8,-2.9
"BDNF",7,"ILMN_1793988","TGGGGAGACGAGATTTTAAGACACTTGAGTCTCCAGGACAGCAAAGGCAC","11p14.1d",17.1206896551724,-0.5,2.9,49.65,-1.45,-1.2,7,6.4,92.9,2.3,-5.2
"BDNF",7,"ILMN_1809543","AATAATAGAGTGTGGGAGTTTTGGGGCCGAAGTCTTTCCCGGAGCAGCTG","11p14.1d",14,22,0.8,11.2,17.6,-2.8,4.4,6,16.4,30.8,4.4
"PML",7,"ILMN_1808599","GCAGTGTCCGTGTTGATGACCACAATTTATGCTGCCAGTCCCCACGCAGG","15q24.1b",12.4444444444444,2.14814814814815,1.35,16.8,2.9,-2.5,5.2,13.7,19.9,-4.5,10.3
"SON",7,"ILMN_1685327","AGCTGTCTTCTTGCCCCGGTCAGTGCCAGCCGTACTATTCACAACACTGC","21q22.11c",10.5593220338983,-0.101694915254237,2.95,31.15,-0.3,8.8,-2.9,39.2,23.1,-1,0.4
"PCDH11X",7,"ILMN_2329625","CGAAGCACCACATCATCCAAGAACTGCCTCTCGATAACACCTTTGTGGCC","Xq21.31e",9.37142857142857,6.94285714285714,1.75,16.4,12.15,1.6,1.9,29.4,3.4,17.7,6.6
"NFATC2IP",7,"ILMN_2278512","AGGATCCTTTTGCTTTTTGGAGAGACAGAGCTATCACCTACTGCCACTCC","16p11.2e",7.36538461538461,2.92788461538462,10.4,76.6,30.45,13.1,7.7,96,57.2,22.7,38.2
"NFATC2IP",7,"ILMN_2278518","AGCCCCTGCAGAGTGTGGTGGACCACATGGCCACCCACCTTGGGGTGTCC","16p11.2e",6.37763157894737,1.42631578947368,38,242.35,54.2,34.4,41.6,302.2,182.5,69.5,38.9
"DST",7,"ILMN_1703913","GCACTCGCTGAAAGAGCACGTCATGAAGCACCATGGAATCAAAGAGAAAG","6p12.1a",6.23076923076923,-6.38461538461539,1.3,8.1,-8.3,8.2,-5.6,2.7,13.5,-10.9,-5.7
"NFATC2IP",7,"ILMN_1802331","CATGTGGGGAATGAATCGCTTGGGGAAAAGAGGTGGCTTACCCCGGAGGG","16p11.2e",4.82258064516129,17.5967741935484,3.1,14.95,54.55,1,5.2,32.5,-2.6,102.3,6.8
"DST",7,"ILMN_1675992","GGTCCCATCTGTGTGCTTCACCGTTCCTCCACCAAACAAAGAAGCGGTGG","6p12.1a",3.91666666666667,15.9166666666667,-0.6,-2.35,-9.55,5.8,-7,2.4,-7.1,-8.3,-10.8
"UBE2E3",7,"ILMN_1733142","GGGTGTCCTTGTCCTCTCCTAGTCACCACTTGTGCAAACAGCGAAAGTTT","2q31.3b",1.54098360655738,5.96174863387978,9.15,14.1,54.55,5.7,12.6,14.5,13.7,63.1,46
"PML",7,"ILMN_1811588","AACCAGTCGGTGCGTGAGTTCCTGGACGGCACCCGCAAGACCAACAACAT","15q24.1b",1.03883495145631,9.12621359223301,5.15,5.35,47,-5.7,16,9.4,1.3,60.8,33.2
"MAP2K3",7,"ILMN_1740696","ATCCCTGGCTTGGGTAGGGTGAGGGCAGATGTGGCAGAAGTCCAGGTGTA","17p11.2b",-0.363636363636364,8.63636363636364,1.65,-0.6,14.25,9.6,-6.3,5.6,-6.8,19.8,8.7
"REPS2",7,"ILMN_1724668","ACAGCAGTTACCCCGACGAACCCTGGAGGATAACAGAAGAACAGCGCGAG","Xp22.2",-0.538461538461538,5.91208791208791,4.55,-2.45,26.9,3.9,5.2,-11.7,6.8,35,18.8
"DST",7,"ILMN_1666490","GCGTGCTGCTCCTTCCTCTTTTCCAGTTCCCAAGGCTGTGTCTTGCTGAC","6p12.1a",-1.08888888888889,-3.71111111111111,2.25,-2.45,-8.35,-7.7,12.2,-1.2,-3.7,-3.4,-13.3
"UBE2E3",7,"ILMN_1661699","TACCTGATATGATTGTGATAATTTTCCAATGAATAATTGTTAATCTTACC","2q31.3b",-2.16666666666667,-5.14814814814815,2.7,-5.85,-13.9,9.4,-4,3.1,-14.8,-22.1,-5.7
"LOC339047",7,"ILMN_1666642","CGCCCTGAAAGGACCAGGACATGCGGGTGCGGTGGCTGCTCTTTTGGCTC","16p13.11b",-5,0.038461538461539,1.3,-6.5,0.0500000000000007,11.7,-9.1,-14.1,1.1,-18.7,18.8
"BDNF",7,"ILMN_1712712","TCAGACCCCTCAGGCCACTGCTGTTCCTGTCACACATTCCTGCAAAGGAC","11p14.1d",-6.06896551724138,-1.27586206896552,-1.45,8.8,1.85,-1.1,-1.8,14.5,3.1,-13.3,17
"SAPS2",7,"ILMN_1655306","AGCGGCTCCTGTCTCCCCCAGACCCTCTGGAAACTCACCTTGGCGTTTTA","22q13.33b",-8.52,-4.64,-2.5,21.3,11.6,-5,0,38.7,3.9,6.8,16.4
"CTNNB1",7,"ILMN_1808436","CAGGAATCTAGTCTGGATGACTGCTTCTGGAGCCTGGATGCAGTACCATT","3p22.1b",-10.9230769230769,4,-0.649999999999999,7.1,-2.6,-9.7,8.4,5.8,8.4,-1,-4.2
"DST",7,"ILMN_2394276","GCGGTGGACCTTGCCAACAGAATTGAGCAACAGTATCAGAATGTCCTGAC","6p12.1a",-15.4285714285714,-5.02380952380952,-2.1,32.4,10.55,-8,3.8,3.1,61.7,6.5,14.6
"SAPS2",7,"ILMN_1670523","CATTTTGGAGCGATCGGAGTGCCGCCCGCGGCCCCGAGTCGGTCTCGAGC","22q13.33b",-40.1111111111111,7,-0.45,18.05,-3.15,13.1,-14,12.2,23.9,-6.7,0.4
"CTNNB1",7,"ILMN_1786903","CAAACTTTACAGAGGAGAATGCCCTGTTTGTTAACCATGTTTCTTTTGGC","3p22.1b",-42.25,-28.75,0.2,-8.45,-5.75,-10.6,11,-8.9,-8,1.3,-12.8
"RGS3",6,"ILMN_1724349","TTGCTGCCCGCTGCCCAGGACGCGGGGTGGGGGACAGGAGCCAGAGTGGT","9q32c",47.25,-15.25,0.4,18.9,-6.1,-2,2.8,29.9,7.9,2.6,-14.8
"TSPYL2",6,"ILMN_2260813","GACGCGGCTAAAAGCGAAGGGGCGAGTGCGAGTCCCCTGAGCTGTACGAA","Xp11.22a",47,-16,-0.2,-9.4,3.2,-3.5,3.1,-15.4,-3.4,-4.8,11.2
"ONECUT2",6,"ILMN_1867659","GCCCCGAAATCCAGGCTGGTGAAGCAGGGTCTCAGCTTATGTTTTCTGAA","18q21.31b",31,15.25,-0.2,-6.2,-3.05,-0.2,-0.2,-7.5,-4.9,-11.1,5
"CLEC2D",6,"ILMN_3250902","GTGATTTGACAGGTGGAACTAAAGAAGACTCGAGGTCTCTCTGACCTCCT","12p13.31a",28.5,-55,0.1,2.85,-5.5,-7.3,7.5,5.2,0.5,-4,-7
"FSD1",6,"ILMN_1694755","ATCTCTCCGTGGAGTGGGACGCTATGGGCGGGAAGGTGCAGGATATCAAG","19p13.3d",23.1111111111111,-55.6666666666667,-0.45,-10.4,25.05,-5.3,4.4,-15.1,-5.7,44.9,5.2
"ABCG1",6,"ILMN_2329927","ATCCAACCCCTAGAACCGCGTTGGGTTTGTGGGTGTCTCGTGCTCAGCCA","21q22.3b",17.7777777777778,23.3333333333333,-0.45,-8,-10.5,-6.9,6,-7.2,-8.8,-8.8,-12.2
"S100A13",6,"ILMN_1782142","GGATGCGAGTGGCCGGAGACCAGGGCCCAACATAAACAAGCTTTGGAGAC","1q21.3d",17.3076923076923,15.1538461538461,-0.65,-11.25,-9.85,7.5,-8.8,-16.4,-6.1,-8.7,-11
"GRAP",6,"ILMN_2353030","CAGCTTCCGCCGTGGCGACATCATTGAGGTCCTGGAGCGCCCAGACCCCC","17p11.2e",11.5081967213115,-2.55737704918033,3.05,35.1,-7.8,4.7,1.4,26.1,44.1,-11.8,-3.8
"RORA",6,"ILMN_2322498","CACCGTGTACTTTGATGGGAAGTATGCCAGCCCCGACGTCTTCAAATCCT","15q22.2a-q22.2b",10.6089266737513,0.0191285866099894,47.05,499.15,0.9,54.2,39.9,458.8,539.5,2,-0.2
"HPS4",6,"ILMN_1721994","TTTCTGGTCCAGAGTCCCGAACCCCGAGCACTGGGATGCCTGGCTACTCC","22q12.1a",10.25,13.25,-1,-10.25,-13.25,5.9,-7.9,-8.6,-11.9,-18.3,-8.2
"KCNIP4",6,"ILMN_1679580","CCAGTTTCTATGGCCTTCCCACCTTCTGTTAGAAATTAGTTTTATCTGGC","4p15.31d-p15.31b",10.1153846153846,-2.57692307692308,1.3,13.15,-3.35,-14.4,17,22,4.3,-2.2,-4.5
"KCNIP4",6,"ILMN_2387865","TCTGGTGTAGAGATAGGATGTTGAAAGCTGCCCTGCTATCACCAGTGTAG","4p15.31d-p15.31b",9.88461538461539,0.923076923076923,1.3,12.85,1.2,-1.2,3.8,14.9,10.8,2.3,0.1
"FSD1",6,"ILMN_1733781","CTGCAAAAGCGAGGCAGTGCTACCAGCAGCTCCAACACCAGCCTCACCTA","19p13.3d",9.44827586206897,-3.62068965517241,1.45,13.7,-5.25,-1.9,4.8,14,13.4,-8.8,-1.7
"SEC24B",6,"ILMN_1662707","CCAAGCTAGCTCCGCACCAACTCCCTTGTCATCAACTTCCGATGATGAGG","4q25c",9.11363636363637,-0.0454545454545454,2.2,20.05,-0.1,-3.7,8.1,5.1,35,-1.2,1
"LLGL2",6,"ILMN_1699544","CTGAGAGTGGAGGTCCCTGAGGCCATGACTCCCCTGTCTTTGCCTGTGCA","17q25.1c",8.09090909090909,5.52727272727273,2.75,22.25,15.2,-0.4,5.9,22.7,21.8,9,21.4
"WHSC1",6,"ILMN_1705483","GCTGGAGAATGCTTGGACTAGTGAGCAAGGTTGGAAACAGGGCCAGGTGC","4p16.3b",7.9375,3.34375,-1.6,-12.7,-5.35,-0.2,-3,-12.7,-12.7,-5.6,-5.1
"ABCG1",6,"ILMN_1743638","AGTCTTGTCAGCAGCTCATGGGGCAGGAAGGGCCTATGGTTGGGGGTTTC","21q22.3b",7.68421052631579,25.3684210526316,0.95,7.3,24.1,-4.4,6.3,2.6,12,18.2,30
"TCF7",6,"ILMN_1676470","AGTCCAAGGCAGAGAAGGAGGCCAAGAAGCCAACCATCAAGAAGCCCCTC","5q31.1d",7.33333333333333,7.54666666666667,3.75,27.5,28.3,1.8,5.7,22.7,32.3,32.7,23.9
"BCAP29",6,"ILMN_1715928","TGCACTGGATGGGCCCCTGGACTTCTGCGACAGCTGCCATGTGCAGCCTC","7q22.3c",7.21428571428571,2.21428571428571,-1.4,-10.1,-3.1,-1.8,-1,-11.7,-8.5,1.3,-7.5
"MLL3",6,"ILMN_1698472","CCAGATACGGTTCAAGTCCACACTGAAGAGCAACAGAAGAGTCATCCCTC","7q36.1e",7.13043478260869,23.7391304347826,1.15,8.2,27.3,4.4,-2.1,20.2,-3.8,36.3,18.3
"RORA",6,"ILMN_2322499","GCTAGCTCTTCAACACGTCCTACAGAAGAATCACCGAGAAGATGGAATAC","15q22.2a-q22.2b",6.99779735682819,0.66079295154185,22.7,158.85,15,28,17.4,185.7,132,26.3,3.7
"LBH",6,"ILMN_1684834","CTCAACAGTTCAAGTTCCCCCACCCCGAGGCTTGTGTACCCTTCTTGTGG","2p23.1b",3.88118811881188,11.1683168316832,5.05,19.6,56.4,-8.8,18.9,17.7,21.5,108.4,4.4
"ABCC6",6,"ILMN_2293902","CCATGTAGACTCTTGGATACACAAGGTAATTTTAGAGCCACATTAGGATG","16p13.11a",3.53333333333333,-3.9,3,10.6,-11.7,2.7,3.3,10.8,10.4,-0.3,-23.1
"S100A13",6,"ILMN_1814799","AGGATCTGTGGGGTCCTGGGTTCAGCACTCTGCCCTGCTGCCGCTGAGGA","1q21.3d",3.33023255813953,15.4279069767442,10.75,35.8,165.85,13.4,8.1,27.3,44.3,210,121.7
"CAST",6,"ILMN_1774674","GAACATAGGGTACTCCGAGTGAAGAATTCAGCAGCTAAGTGGAAGTTGTC","5q15d",2.88461538461539,6.03846153846154,1.3,3.75,7.85,4.3,-1.7,4.8,2.7,6.8,8.9
"ANKRD13D",6,"ILMN_1660183","TTGAATTTCATGAGTACCTGCTGGGGCCAGCGTGGCACAGTGGGAAGGGC","11q13.1f",2.79166666666667,-6.70833333333333,1.2,3.35,-8.05,-11.1,13.5,-7.7,14.4,-7.5,-8.6
"TCF7",6,"ILMN_2367141","GGCAGAGAAGGAGGCCAAGAAGCCAACCATCAAGAAGCCCCTCAATGCCT","5q31.1d",2.21717171717172,6.28787878787879,9.9,21.95,62.25,14.6,5.2,12,31.9,105.1,19.4
"FRMPD2",6,"ILMN_1660879","GAGACCCCTGCTCCTTGTTGGAAAGTTGTCCCATGATGAAGGCCTAGACC","10q11.22c-q11.22d",2.12903225806452,-3.38709677419355,-1.55,-3.3,5.25,-0.8,-2.3,-7.4,0.8,14,-3.5
"GRAP",6,"ILMN_2264011","GCTGGCCCAAGACCCTTAGAACCCTGAGTGCTGGCAAATCTCACTGCTCC","17p11.2e",1.3433734939759,6.52409638554217,8.3,11.15,54.15,3,13.6,2.9,19.4,40,68.3
"PPP2R2B",6,"ILMN_1751398","AGAGGCTATATCCCGGCTTGCTTGGGGGCTTCTGAGTTTGAGCTGCATGC","5q32d-q32e",0.833333333333333,10.5,1.8,1.5,18.9,3,0.6,0,3,2.1,35.7
"LLGL2",6,"ILMN_1797588","GTCTAGGGAGAGGTAAACGAGGGGAGGAGAGATCAGTCAAGGATGACGTG","17q25.1c",0.678571428571429,6.82142857142857,4.2,2.85,28.65,2.8,5.6,-5.2,10.9,35.3,22
"DIP2A",6,"ILMN_1729272","AAGTGGTTGGCTTGTCCCGCCCGGTCCTCCCTGGCTCCAGCTTTGTTTAT","21q22.3f",0.611111111111111,11.8611111111111,1.8,1.1,21.35,-5,8.6,0.2,2,16.9,25.8
"BMP1",6,"ILMN_2295290","CCCACCGAGGAGACCCTAAGCCAAGAAGGAGAAGAAAGAGCCTGAAGACC","8p21.3a",0.463414634146341,5.82926829268293,-2.05,-0.95,-11.95,-4.6,0.5,4.9,-6.8,-6.9,-17
"DIP2A",6,"ILMN_1730061","GAAAAAGGAAGCAAGCTGGACCCATCCTCCCTGCTCACAGAGGGCACTGT","21q22.3f",-0.288888888888889,-4.68888888888889,2.25,-0.65,-10.55,7.7,-3.2,-3.7,2.4,-8.2,-12.9
"WHSC1",6,"ILMN_1663502","TAGTTGTCTGTCCGGTGGCTGGGAGGGGGTGTGGTGGGAAAAAGTCGGAA","4p16.3b",-2.51923076923077,-4.90384615384615,-2.6,6.55,12.75,-8.9,3.7,9.7,3.4,27.7,-2.2
"WHSC1",6,"ILMN_2296335","CTCCCAGCCTGCCGCTCCGGAGAGCCGCCCGCCGAGGATGCGACGCACCG","4p16.3b",-3.62376237623762,0.782178217821782,-5.05,18.3,-3.95,-2.9,-7.2,24.4,12.2,-8.6,0.7
"EPHA6",6,"ILMN_1657349","GGTCTTAAGCCAGCCACCAAATATGTATTTCACATCCGAGTGAGAACTGC","3q11.2c",-3.68627450980392,1.29411764705882,2.55,-9.4,3.3,-4.7,9.8,-7.4,-11.4,6.4,0.2
"DNASE1L1",6,"ILMN_1801230","ATGCCTCAGGATGCAAAAGCCACATGGACAGGGCGTGGAGCAAGGAGCCG","Xq28g",-3.96703296703297,2.81318681318681,-4.55,18.05,-12.8,6.1,-15.2,13.4,22.7,-13.9,-11.7
"AKR1C2",6,"ILMN_1773417","GGTAAGGAGGACTGGGATTTCTTTCCTTGCCTGTACATTAATCTCTCCAC","10p15.1c",-4.02816901408451,-1.07042253521127,3.55,-14.3,-3.8,-2.7,9.8,-12.7,-15.9,-8.7,1.1
"LOC727735",6,"ILMN_1653799","TCCTTTCCAGGGACAGAACTCCTCCCTGACTCCCCTGCAGGTCCAGCCCG","17q12c",-4.55,-2.875,-2,9.1,5.75,10.9,-14.9,24.8,-6.6,-5.9,17.4
"SEC24B",6,"ILMN_1730232","ACATACAGGATGTATTGAATTTACTAATTGGGGAAGTGCAGTGATACTGC","4q25c",-5.46666666666667,1.11111111111111,-2.25,12.3,-2.5,-8.2,3.7,12.4,12.2,0.2,-5.2
"MGC57359",6,"ILMN_1682685","GTGCAGATCATCTAGAAGAACCTGGACCATTCTTGACAGAGCTGAATACA","7q22.1c",-5.61666666666667,-1.5,3,-16.85,-4.5,7.3,-1.3,-15.7,-18,0.6,-9.6
"HPS4",6,"ILMN_1720994","TCTCCCTTCCTGATTGTGAGCATGCTGATGGGTGGGCATGATGCCTCTTG","22q12.1a",-6.4,-8.86666666666667,-0.75,4.8,6.65,2.4,-3.9,0.5,9.1,-2.9,16.2
"VPS13B",6,"ILMN_2252705","CAGGGGAAGGTTGGCAGTCAGGACATTTTGAAGGAGTATTTCTACAATGC","8q22.2a-q22.2b",-10.0555555555556,-3,0.9,-9.05,-2.7,-7,8.8,-8,-10.1,-5.4,0
"LLGL2",6,"ILMN_1652674","AGCCACACAGCAGGGTTCGCCTCACCCAGTTTCTTGGGGAACTTCTCGGA","17q25.1c",-10.5,1.11764705882353,-5.1,53.55,-5.7,-1.5,-8.7,89,18.1,1.1,-12.5
"LBH",6,"ILMN_1660794","AGCCGCAATTGTTCTGAAAATGTCAAACGAGGCTTCTGTTTTGCACCTGC","2p23.1b",-10.6,20.7,0.5,-5.3,10.35,-5.1,6.1,-2.8,-7.8,5.7,15
"ITGB1",6,"ILMN_2244108","TGAGTGCTTTGAAATATGGAGTCAGAGGGTGGGGTAACCAAATGTTGGCC","10p11.22b",-11.2558139534884,-4.95348837209302,-2.15,24.2,10.65,-6.9,2.6,0.2,48.2,17.9,3.4
"VPS13B",6,"ILMN_1799843","TGGATAGTTTTTTGCCCTATTGAATCATTCAGTTGGTGTACAAACATGCC","8q22.2a-q22.2b",-14.0454545454545,-11.0909090909091,1.1,-15.45,-12.2,8.5,-6.3,-16.5,-14.4,-8.1,-16.3
"TSPYL2",6,"ILMN_1771155","GTACACCCACACACACTCTTGGCTGTTTGTTCCAAGCAGAGGCGCTGACA","Xp11.22a",-20.8333333333333,-5.58333333333334,-0.6,12.5,3.35,-16.5,15.3,8.2,16.8,1.3,5.4
"PCSK6",6,"ILMN_1676595","TCGCCTTGGCTCTAGAAGCAAACAGCCAGTTAACCTGGAGGGACGTCCAG","15q26.3d",-34.5,-24.25,-0.4,13.8,9.7,-1,0.2,8.3,19.3,12.1,7.3
"ANKRD13D",6,"ILMN_1790351","TACCCCAACGGGAGGAAGAGGGAGCCTGCACAGCTTTCTGGTCACCAAGC","11q13.1f",-45.4285714285714,18.8571428571429,-0.35,15.9,-6.6,-0.2,-0.5,30.2,1.6,-11.7,-1.5
"FGL1",6,"ILMN_1682828","TTCCCTTGCGGGGAATTTTCATCCTGAGGTGCAGTGGTGGGCTAGTCACC","8p22b",-46.5555555555556,-20,-0.45,20.95,9,1.5,-2.4,31.3,10.6,3.5,14.5
"ABCC6",6,"ILMN_1725675","ATCACAGAGCATCAGAGCCGGAAGGACCTAGCAATACACAGGTCTGCCCG","16p13.11a",-118.333333333333,-37.3333333333332,-0.15,17.75,5.6,-11,10.7,6,29.5,5.2,6
"RGS12",6,"ILMN_1751141","AGTGTCCTGTTGCCATGGGTTACGAAGGGAGCGAGAGGGAACTTCATCGG","4p16.2c",-178,-5,0.05,-8.9,-0.25,-2.6,2.7,-15.2,-2.6,6.9,-7.4
