"GENE_SYMBOL","GENE_CNVs","CYTOBAND","SEQUENCE","FoldChangeMedian_GSC_to_healthyCtrl","GSC_Median","GSC1","GSC2","GSC3","GSC4","noGSC_ctrl"
"PDE4DIP",15,"hs|1q21.1","CAAAAAATGGACTAGAAGAGAAGCTGGCTGAGGAGCTGAGATCAGCCTCGTGGCCTGGGT",1.30593472074324,3.03578865,2.332352,3.4566858,2.6148915,4.208106,2.3246098
"PDE4DIP",15,"hs|1q21.1","CTACCAAAGCTGTGTATTTTTCATTTCTTCATGGCACTGTGCTGTTAATTTCTGTTAACA",0.757430045179371,6.5805795,6.966718,6.194441,8.0419445,5.767812,8.688036
"LOC100128869",8,"hs|4q28.3","TCAAAGACACACGCTCACTGCATGTGCTCTTGGGGGACGTCAGTGCCACGTTTGGTCACA",0.442917413298964,3.180155,2.332352,4.027958,2.3265,4.5762134,7.180018
"LOC729444",7,"hs|22q11.21","TTCCATCATACAGTCTTCAGCAACCTTGAAAGATTGGACAAGCTTCAGCCCACTCTTGAA",1.34861740640091,3.71429935,3.7626925,3.6659062,3.4053378,4.299684,2.7541535
"LOC100131581",7,"hs|8p23.1","AGATAACTTCAGACTCAGCCTAGAAGTAAAGATCCTCCAGATATGACCTCAACTACCCTC",0.736075845684023,2.9435082,3.0926514,2.794365,4.07827,2.4029229,3.9989197
"LOC389834",7,"hs|21p11.2","GGAACACTCTCTTAAAGTCTACTTATCCTATTCCTTCAAATTAAGACCAAAGTCCAATGT",0.722900223909674,3.43958435,2.7911327,3.2316825,5.058745,3.6474862,4.7580347
"LOC100131581",7,"hs|8p23.1","GTGTATTACTCTAGGTTCTCCAGAGAAAGAGCAGAGAGACAGAGGTAGAGCTATACACAT",0.690377678962832,2.3391507,2.332352,2.3459494,2.3271165,3.6381826,3.3882189
"SMG1",6,"hs|16p12.3","TTCACCAGTGTTCAGCATGGCAGTCGTGCTTTAGCCACCAAAGACATGAGGAAATCACAG",1.49610538938621,3.47786125,3.74669,4.6935053,3.2090325,2.4029229,2.3246098
"MCF2L",6,"hs|13q34","AATGCTGAAATACAGCAGGAACTGCGAGGGGGCTGAGGACCTGCAGGAGGCGCTGAGCTC",1.3331691432732,4.3047785,4.466727,5.1787515,3.6627276,4.14283,3.2289815
"EEF1A1",6,"hs|6q13","AACCATTGAAAAATTTGAGAAGGAGGCTGCTGAGATGGGAAAGGGCTCCTTCAAGTATGC",1.32059831284203,11.7064345,11.498499,12.609728,10.130174,11.91437,8.864493
"CNTRL",6,"hs|9q33.2","TTTATGTAGAAGCAAATGCTTTGGAACCAGATCTTTGTTAATTAAATGTTTTTGTTAAAA",0.766594418589254,5.048163,5.202669,4.893657,6.465774,3.4519494,6.585181
"FRY",6,"hs|13q13.1","ATATGTAAAGGGCCATTCTTAAGTTCTCTCCTTAAACTTAATGCTGTCAAGTGTTAGATG",0.761059826344326,4.551309,4.614682,4.487936,4.9543605,4.0049353,5.980225
"AAK1",6,"hs|2p13.3","GCGGCTTATGTTCTGAATTTGTTTATGAGAACTGATCATTAGTGAGACTGGCCACAGTAT",0.754995934381325,2.39463495,2.332352,2.997857,2.386347,2.4029229,3.171719
"CNTRL",6,"hs|9q33.2","AAGGCAACAAGATATCATCGCTCCAAGATATAAGCAAGTTGAAACCGCTTCAAGATTTGA",0.740963771856494,4.2358118,3.0998583,4.189944,5.4159,4.2816796,5.7166247
"PHF20L1",6,"hs|8q24.22","AAAGCCGAGTTATAAAGCTCTTAATTACATCTCAATTGGTATCAGCAATAGACCTAAAGG",0.726216067579826,3.2558291,3.1625228,3.3491354,4.5624356,2.4029229,4.4832788
"TNXB",6,"hs|6p21.33","CATCTGTACGGCCTCCACGAGGGGCAGCGCGTGGGCCCAGTGTCCACCGTGGGCATCACG",0.723550013651297,2.6315637,3.5327888,2.3459494,2.8602045,2.4029229,3.637017
"AKD1",6,"hs|6q21","CACAAAACTGATACAAACAAACTCGCAGCACAACTCCTGAGATGTTTGATGAATAAAAAA",0.720806859818913,2.58887875,2.332352,2.7748346,2.9628093,2.4029229,3.59164
"MCF2L",6,"hs|13q34","TGCTGCTTCCATTTGGGGTATAGTGAACACACACCAAGTAAAAACAGAAATATCCTTAAA",0.717867282657831,2.5964793,2.8470092,2.3459494,2.322009,4.3843594,3.616935
"TLE4",6,"hs|9q21.31","GCTCTTTTTCATATTTCTTTGCTTTGCAATCAGCTTGTGTTGCTAACCTAGGCCAAAAAA",0.665671444408866,3.02266625,2.332352,3.6424096,4.581449,2.4029229,4.540778
"AAK1",6,"hs|2p13.3","GCAGATGCAGTTCTGTAACCTTCATACCGTAAAATACATTTTCATTACGGAGTTATGAAA",0.653708615595555,2.3391507,2.332352,2.3459494,2.322009,3.945261,3.5782773
"TERF1",6,"hs|8q21.11","AGTCCGAGGCTCCGGGCTGAACTTTGTTCGAATCCCGGTTCGCCCGTTGTCAGCACCTGA",0.63271700981801,2.3795432,2.9518824,2.3459494,2.3561635,2.4029229,3.7608333
"FRY",6,"hs|13q13.1","GAGGTTTCTTCGTTTTGGAAAAGTAGAGGTATAAAATAACCTTTTTTGCTGGATACTGTC",0.62928856836378,3.5944189,3.6235998,3.565238,4.716546,2.4029229,5.711877
"CNTRL",6,"hs|9q33.2","GCAAAGTGTGTTTGTAAGGCTGATGTTTAGAACTGTGCAAGCATTCTCTTATTAAAATTC",0.619677549425373,3.03984495,3.676767,2.3459494,4.464496,2.4029229,4.905527
"TERF1",6,"hs|8q21.11","TTCACCAACATTTTATTCTTTAAAAATTTAGACTAACAGAATTATTTAGCATTTTGAGTC",0.470571524435101,2.37443615,2.332352,2.3459494,5.185115,2.4029229,5.045856
