"Symbol","GENE_CNVs","SEQUENCE","Cytoband","FoldChange_epithelial_PC","FoldChange_lymphNode_PC","PC_epithelial_ctrl","PC_epithelial_SuppressorAdded","PC_lymph_ctrl","PC_lymph_SuppressorKnockedOut"
"DMD",8,"GGCAAGTTCAACAGGATTTTGTGACCAGCGCAGGCTGGGCCTCCTTCTGC","Xp21.2a-p21.1d",2.30972696245734,0.494501596310749,117.2,270.7,281.9,139.4
"HYDIN",8,"GCAATTAAGTATGTGGAACACCCTCAGATAGACAGCCTGGACCTGCGCGG","16q22.1f-q22.3a",1.96704119850187,0.446058091286307,133.5,262.6,289.2,129
"DMD",8,"CCAAAAGGTATTTTGCGAAGCATCCCCGAATGGGCTACCTGCCAGTGCAG","Xp21.2a-p21.1d",1.41464728056004,0.476591444930953,185.7,262.7,296.9,141.5
"ABCG1",6,"CAGCACTTGTGAAGGATTGAATGCAGGTTCCAGGTGGAGGGAAGACGTGG","21q22.3b",3.78778409090909,0.627199421769476,1408,5333.2,8854.6,5553.6
"KCNIP4",6,"CTTGGAAGGGCTTGAAATGATAGCAGTTCTGATCGTCATTGTGCTTTTTG","4p15.31d-p15.31b",2.6740674955595,0.540434627716423,112.6,301.1,280.7,151.7
"GPR177",5,"TGAGATCTACAAGTTGACCCGCAAGGAGGCCCAGGAGTAGGAGGCTGCAG","1p31.3a",8.28908661703287,0.497760523613963,550.7,4564.8,15584,7757.1
"DGKA",5,"GTACCAGACCTAAGTGACAAGAGACTGGAAGTGGTTGGGCTGGAGGGTGC","12q13.2c",5.40500595947557,0.503469458987784,419.5,2267.4,7162.5,3606.1
"ARL4A",5,"GCTAAGCTGGAAGGGTGCTTATCCCTGCGTAGAAACGCCTGCCAATGCTT","7p21.3a",4.28281853281853,0.497185180525852,518,2218.5,6359.2,3161.7
"CLUAP1",5,"CCTGGATGAGAGTGACAATGACTTCTGACCCTTTTGCCAAGGGACCCTGG","16p13.3c",3.37307181530289,0.488324406498029,978.9,3301.9,5657.1,2762.5
"RFX4",5,"TGGCAAAATGAACTGGGCTGCCTTCGGAGGGTCTGAATTCTTCATCCCAG","12q23.3c",2.90719696969697,0.521373510861948,105.6,307,285.4,148.8
"NIN",5,"TGTAGTCTATATATTTTCTCATTCCATATGTTGTAACTATTTTTAACCAA","14q22.1b-q22.1c",2.88557213930348,0.573783359497645,100.5,290,254.8,146.2
"EDA",5,"AGTCACCTTGGGCAGCCGTCACCTAAGCAGCAGCCATTGGAACCGGGAGA","Xq13.1b",2.88125530110263,0.585803644275224,117.9,339.7,367.7,215.4
"CD34",5,"AGCCCAGATCAGCTCCTAACCCTTATCACCAGCTGCCTCTTCTGTGGGTG","1q32.2a",2.77717391304348,0.607495859173375,294.4,817.6,12980.5,7885.6
"PKLR",5,"TCCCGCAGCCCCAGGCCCACACTGAAAGCATGTCGATCCAGGAGAACATA","1q22a",2.7122905027933,0.497783839072622,107.4,291.3,293.3,146
"CLUAP1",5,"GTGATCATGCCACTGCACTCCAGCCTGGGTGACAGAGTGAGACCCTGTCT","16p13.3c",2.63955696707576,0.560331728000196,12531.8,33078.4,32641.2,18289.9
"EPHA10",5,"ACCTGGGTGAGCGCAAGATGAAGCTGAACACAGAGGTGCGCGAGATCGGA","1p34.3b",2.55329008341057,0.492192803801765,107.9,275.5,294.6,145
"CREB5",5,"GCCTAAAGCATTTATGCTCTGGCATTCGTCCCTGTTTCTGGAGGTCCAGT","7p15.1d",2.46951774340309,0.581287325812873,109.9,271.4,301.4,175.2
"EDA",5,"CCATCACCAGTCACCTTGGGCAGCCGTCACCTAAGCAGCAGCCATTGGAA","Xq13.1b",2.44521604938272,0.738363688927436,129.6,316.9,345.9,255.4
"NRG1",5,"CTACATCCACCACTGGGACAAGCCATCTTGTAAAATGTGCGGAGAAGGAG","8p12d",2.38947368421053,0.604660028234979,133,317.8,23871.1,14433.9
"ITIH5",5,"AGGAGGACGCAGGCTCGCAGCTCATCGGGTTCTACGATGAAATCAGGACC","10p14e",2.38327526132404,0.552660550458716,114.8,273.6,272.5,150.6
"CD34",5,"GCTGGAACCCTGACCACTCTTCAGGAAGAAAGGAGTCTGCACATGCAGCT","1q32.2a",2.37338262476895,0.491617580425918,108.2,256.8,1103.5,542.5
"C10orf4",5,"TGGATTATTATCAGAATCAAATGAGAAAACATACATGTAAAGTATGTGCC","10q23.33b",2.32223222322232,0.50597779675491,111.1,258,234.2,118.5
"MDK",5,"CCACCCCTAAGTGCCCAAAGTGGGGAGGGACAAGGGATTCTGGGAAGCTT","11p11.2c",2.08665835411471,0.669483262918427,160.4,334.7,923.1,618
"ABCC6",5,"GTGATGGACTGTGCCCGGGTTCTGGTCATGGACAAGGGGCAGGTGGCAGA","16p13.11a",2.01323987538941,0.387878787878788,128.4,258.5,297,115.2
"ZNF626",5,"TTCCGGGTTTGGTGCGGCCTTTGTCTCTCGCTGCAGTCAGAGCTCCAGGT","19p12d",2.00149253731343,0.42215088282504,134,268.2,311.5,131.5
"PHF20L1",5,"GCTGCTTTTAGGTTAACCACAAAGGAACAACTCAGGATCAGTCGTGATTG","8q24.22b",1.99449125081011,0.102083333333333,308.6,615.5,1440,147
"ZNF626",5,"ATGGCTTATGGCTCGGATTCTCCCCAGAATCCGTGTATTAAAGCACAGGC","19p12d",1.97740963855422,0.485165794066318,132.8,262.6,286.5,139
"TTN",5,"TGGAAAGTGTGGAAGGCGTCTGGATGAAAGACGGCCAAGAAGTGCAGCCC","2q31.2b",1.97405660377358,0.279677113010446,127.2,251.1,421.2,117.8
"MTUS1",5,"TTCCAGAGCCCCAGAGCCAGCTCATCTTCCAGGTGCTGAAACCACTTTCC","8p22b",1.93807178043631,0.0409006403635612,142.1,275.4,5809.2,237.6
"RREB1",5,"TCAGACACCTGAGAGCATCCTGTTCTGGGTACAGTGTGTGTATGTATATG","6p24.3c",1.92135549872123,0.274403958614485,156.4,300.5,444.6,122
"SORBS1",5,"GCCATGCTTCCGGGTAAAGGCAAGCCCCAAACTCCTTATCTTTTGCAGTC","10q23.33d",1.81820792647904,0.365754942058623,348.2,633.1,2347.2,858.5
"MAPK10",5,"CCCATCCAGCATGTGTGTGTCTCTATCTTGCATCTACCTGCTCCTTGGCC","4q21.3a-q21.3c",1.81592039800995,0.154329765736098,160.8,292,2672.2,412.4
"MDK",5,"AAAGGACTAGACGCCAAGCCTGGATGCCAAGGAGCCCCTGGTGTCACATG","11p11.2c",1.77113624124933,0.374167868474185,185.7,328.9,8667.5,3243.1
"PDE5A",5,"GAGATGGTCAAGGTGGTTTTCCATTGTGCAAATTCTTCACCTGTCAGTGG","4q27a",1.74692087059221,0.172285572632623,592.7,1035.4,1210.2,208.5
"HIF3A",5,"TCCCCCCTTCTTAGCCCCATTTACCCCGTTTGTGGAAGGCACTGCTCGCT","19q13.32b",1.70909090909091,0.346837020878778,143,244.4,320.9,111.3
"MTUS1",5,"TACGACTGACGGCCAAAGGATTGCTTCGAAACCTTCGACTTCCTTCAGGG","8p22b",1.575,0.792425738131562,172,270.9,1114.3,883
"ZNF626",5,"AGAGCTCCAGGTCTGGTTCTTCTCCTAAAGGCCCAGGCTGTGTGGCCCCG","19p12d",1.4901356350185,0.234313927175478,162.2,241.7,486.1,113.9
"ZNF626",5,"GCCAAACCCTCAGTGAGCTTCCTTCAAGTTCACAGTGAGAGCCAAAGTCC","19p12d",1.45474372955289,0.263304124812994,183.4,266.8,467.9,123.2
"FAM13A",5,"GCATTGCCTGAAGAAGTTTGGAGGCTGAGAGCAGCAGTAGACTGGCCAAC","4q22.1c",1.43350785340314,0.0962409507955557,573,821.4,2583.1,248.6
"ACSL5",5,"TTAGTAACCACAAGTTCAAGGGTCAAAGGGACCCTCTGTGCCTTCTTCTT","10q25.2b",1.2847533632287,0.188729137341645,312.2,401.1,9946,1877.1
"RUNX1T1",5,"GCCTGCAGTTAATTAGCATTCTGGCAGTTTTGACATCAGCCAGCTGCCCT","8q21.3f",1.14945652173913,0.375407407407407,220.8,253.8,337.5,126.7
"ACSL5",5,"CCAACTGATCTCCCCCACCCTTGGATTAGAGTTCCTGCTCTACCTTACCC","10q25.2b",0.44901467247836,0.403198648967878,1628.9,731.4,19895.9,8022
