"GENE_SYMBOL","GENE_SYMBOL_CNVs","SEQUENCE","CYTOBAND","FoldChange_MedianArray_UL1_to_nonUL1","UL1_MedianArray","nonUL1_MedianArray","UL_GSM1667147","UL_GSM1667148","UL_GSM1667149","nonUL_GSM1667144","nonUL_GSM1667145","nonUL_GSM1667146"
"TPM3",11,"AATTGCATTTTAATTGGGGCAGTTAGAATGTTGATTTCCTAACAGCATTGTGAAGTTGAC","hs|1q21.3",0.651620348950248,3.133639,4.808995,3.500581,2.387398,3.133639,4.808995,5.921844,2.51341
"SPDYE3",10,"ATCAGGAAGGAGGAGAGGAACCATTTGTGCAGATCATCTAGAAGAACCTGGACCATTCTT","hs|7q22.1",0.673833205952552,4.118197,6.111597,4.118197,5.116485,3.133639,2.867115,6.111597,6.481402
"RPSA",8,"CTGAGTCAGGTAGTGCAGTGGTTGTAAAGTGCAGCATATTCATTTCCAAGCTAGAGGGTT","hs|3p22.1",1.63153791917043,5.03985,3.089018,6.903503,5.03985,3.133639,5.185176,2.49848,3.089018
"LPP",8,"TCGCTGACGCATTAGACTCAAGGTGGACTTAATTTGGAGATCACCTATGAAGACATCTGT","hs|3q28",0.715003570866294,3.133639,4.38269,2.634312,3.411704,3.133639,3.249956,6.112889,4.38269
"ST13",8,"AATTATACAAGCATATTTAATGCTGAGTTTAATTTAATATGTAATACATATGGTAATTGT","hs|22q13.2",0.712123388518453,4.853509,6.815545,7.195406,3.280124,4.853509,8.04468,6.815545,5.230738
"NAV2",7,"CACATGGCTATTGATCTCTACTGCGGTTTGGCTTGTCTGTGGGGAATACATGAGCCCCGA","hs|11p15.1",1.65698219974043,7.909182,4.773245,6.692666,8.541624,7.909182,4.773245,5.542953,3.444421
"ZNF493",7,"TTGCAATTCTGTCTGTATACTTTATGTCAATGTGAGGTTGAATTAAAAGATAGCCATATG","hs|19p12",0.702186699306162,3.761117,5.356292,3.761117,5.063796,3.133639,5.356292,6.443381,3.664828
"NPM1",6,"GCAAAAATGCAAGCAAGTATAGAAAAAGGTGGTTCTCTTCCCAAAGTGGAAGCCAAATTC","hs|5q35.1",1.80317242637414,14.66853,8.134846,15.61655,14.66853,6.527738,11.52213,6.641833,8.134846
"WHSC1",6,"TGCATAGATCCCATAGTGTGCATCATGTTCCTTATATGAAAACGTTTAAATTACTGGGTC","hs|4p16.3",1.71046242068124,6.200038,3.624773,7.92077,6.200038,6.075882,4.052875,3.624773,3.073925
"CCDC57",6,"TCACTGTGGACATTCAGTGGAGACTCAGGAGGAGCCACACCGTGGGAACAGGGCTGATGC","hs|17q25.3",1.62165865283879,5.340216,3.293058,5.340216,3.053688,6.941769,4.685642,2.49848,3.293058
"GUSBP1",6,"TCGTCCAGGAGGTCTGGGATGTCTGGTTATATCTGATTTCTGACCTCTGGGCATGGAGGT","hs|5p14.3",1.60486697908945,7.939163,4.946929,7.939163,6.039048,8.183151,6.7932,4.946929,2.860669
"WHSC1",6,"TGGAATAGATCGTAGATGTTGTAGACTGAGATTTGGGACTATGTTGGGACCGTACAGGTG","hs|4p16.3",1.49942771396913,5.909561,3.941211,5.909561,3.6999,7.540485,4.89901,3.941211,2.399575
"MECOM",6,"GAGGACTTTCAGCAAAAACTCGAAAGCGAGAATGATCTCCAAGAGATACACACGATCCAG","hs|3q26.2",1.46604247300981,4.991923,3.405033,2.740144,5.294228,4.991923,2.750981,4.320181,3.405033
"GUSBP1",6,"CCGTCAAGTGCAGTAACCAGTTCAAGTTGGAAGTGTGTCTTTTGAAATCAGACAACAAAG","hs|5p14.3",1.39278154650597,9.404756,6.752499,9.404756,9.771168,3.133639,6.752499,4.530112,7.758788
"LOC100190986",6,"AGTTGCTATGGCTCCAGCTGAAAGAAAGCCCGTGCAGTCATATCACGCGTAAACATTTGC","hs|16p12.2",0.735823304726633,5.867288,7.973773,5.855873,8.117229,5.867288,4.451561,7.973773,8.722268
"ZDHHC21",6,"AAGTGCCTAGTACACTGCTTGGACCTCTGAAGGTATTTAGTAAAAGTTTACTTAGTAAAT","hs|9p22.3",0.717029435345107,3.064933,4.274487,2.52672,3.064933,3.133639,3.150816,4.274487,4.550197
"FGFR1",6,"GCATCTCTTACGAAGAGTTGGAAAAACAAATGCCATATATAAATTCTAAGCCATATGAGG","hs|8p11.23",0.707149780050218,3.793278,5.364179,4.256638,3.793278,3.133639,2.785513,5.364179,5.557111
"CCDC57",6,"CTCACTACCTGCTCCTGTCGTTCTAGTCCCATTGCTGCTCTCAGGACAAGCTGTGACTGA","hs|17q25.3",0.684529190646844,4.881659,7.131411,4.852705,4.881659,8.885747,4.954977,7.131411,7.358688
"FGFR1",6,"CGCTCATTGGTGTTCATTCAGGAATACAGATACCTAGATTCACACACGTGGTGTGTTAAC","hs|8p11.23",0.680657372690027,3.133639,4.603842,6.130158,3.036247,3.133639,5.183061,4.603842,2.716719
"TNXB",6,"CAAGTACAAGATGCACCTGTACGGCCTCCACGAGGGGCGGCGCCTAGGCCCGGTGTCTGC","hs|6p21.33",0.651838047844628,5.217388,8.004117,6.439545,3.192304,5.217388,8.296341,6.742432,8.004117
"ITIH5",6,"TGTAAAGAAATTTGGACAATTTGAGTAGAAATGGTGTGGTATGTGCACATAGAAACTCTC","hs|10p14",0.64938383325415,3.213422,4.948417,3.213422,4.112669,3.133639,4.948417,5.283891,4.359836
"ITIH5",6,"AGAGGAGATAAATCTCCTTGTTATCACAATAGTTAATGTGTCATGATCACTGACTAACTG","hs|10p14",0.642874229139057,3.133639,4.87442,5.089399,2.599171,3.133639,6.287488,4.579734,4.87442
"HFE",6,"CTAAAGACGTATTGCCCAATGGGGATGGGACCTACCAGGGCTGGATAACCTTGGCTGTAC","hs|6p22.2",0.613001179031814,3.978941,6.490919,4.095599,3.978941,3.133639,6.490919,3.73056,6.815741
"GTF2I",6,"AAGCTGCAGAGATGCATAAAATGAAATCTACAACCCAGGCAAATCGGATGAGTGTAGATG","hs|7q11.23",0.603531350029915,4.079406,6.759228,4.079406,6.691997,3.133639,6.759228,4.91429,8.726275
"HFE",6,"CTATGAGATAGGTACTATTATCCCCATTTCTTTTTTAAATGAAGAAAGTGAAGTAGGCCG","hs|6p22.2",0.575386927426505,2.502436,4.349136,2.327771,2.502436,3.133639,4.349136,2.49848,6.200796
"MECOM",6,"TCAAATATGCCTGGGGCAGGACTAGGAATATGGACCAAAAGGAAGATCGAAGTAGGTGAA","hs|3q26.2",0.521761389690328,2.989135,5.728931,2.348458,2.989135,5.2527,3.421691,5.728931,7.589479
"BCL2L11",5,"GAATAATTACCAAGCAGCCGAAGACCACCCACGAATGGTTATCTTACGACTGTTACGTTA","hs|2q13",2.08443222543598,8.82667,4.234568,4.190321,8.82667,10.31296,4.234568,9.778839,3.909154
"AK4",5,"GACAATTCTAGCCAACATTGAGTCACTCAATAAGTCTCAACAGTGGGTGTGTTTGCTGAG","hs|1p31.3",2.03937958909879,5.350812,2.623745,8.290952,5.350812,3.133639,6.605688,2.49848,2.623745
"RALGAPA1",5,"CTAATGTTTTGCATTTCAAGTGGTATCACTGTTAAATGCCATTTGTTTTCAGATTGTGGC","hs|14q13.2",1.91551861182032,8.340645,4.354249,9.092755,8.340645,3.133639,6.384133,2.49848,4.354249
"ZNF273",5,"GTTGTTGAGTTTTGTATACCTATGTTAGGAATATTTGTTTTATACTGCCTTCAGGTCCTC","hs|7q11.21",1.84460712418865,7.269486,3.94094,7.269486,5.927066,8.251844,7.01491,3.818991,3.94094
"METTL21A",5,"CATCGTTCTTTCCACATACCTGGAGATGGGAGCTGTGGAGCTCAGGGGCCGCTCTGCCGT","hs|2q33.3",1.75688997971494,4.620647,2.630015,7.817643,4.620647,3.133639,5.450477,2.49848,2.630015
"PLG",5,"AATATCCACTCAAAATACAATTCAACAATGCAACAGTCATCTTACAGCAGAGAAATGCAG","hs|6q26",1.73926981584792,4.678361,2.689842,4.678361,3.150605,6.248383,2.675279,4.139422,2.689842
"AK4",5,"TAACCTGGACTTCAATCCACCTCATGTACATGGTATTGATGACGTCACTGGTGAACCGTT","hs|1p31.3",1.72574534660256,4.448616,2.577794,6.582243,4.448616,3.133639,4.069205,2.49848,2.577794
"BCL2L11",5,"CAGCCGAAGACCACCCACGAATGGTTATCTTACGACTGTTACGTTACATTGTCCGCCTGG","hs|2q13",1.62897238829602,5.046317,3.097853,3.606401,5.046317,8.56572,3.097853,7.315509,2.730096
"HDAC9",5,"AGCCTGGAGGAAATACAGCTTGTTCATTCTGAACATCACTCACTGTTGTATGGCACCAAC","hs|7p21.1",1.57388731590446,5.724395,3.637106,3.773504,5.724395,7.597157,3.192487,3.637106,4.606098
"TBL1XR1",5,"CTGGTTGGTTTTTCGTTTTGTTTTCTTTGTTTTTTCCCCCTTCTCCTGAATCAGCAGGGA","hs|3q26.32",1.53226948109059,10.88869,7.10625,11.50209,10.88869,7.378979,9.02772,3.006636,7.10625
"CCDC144A",5,"GGCTGACAGGCCGCTCTGACCCAGCCATCTGACTCCGCTTGCGTCCTGGCAGCGCGGACC","hs|17p11.2",1.5104629099906,6.505455,4.306928,4.280679,6.505455,9.880631,4.306928,7.673621,2.922434
"C9orf93",5,"GAAATCAGAACTTCACACAGCTTGTTTACGTGAAAATGCAAGTTTACAATCAATAGGATC","hs|9p22.3",1.43483457098446,11.91801,8.306191,9.341586,12.32793,11.91801,7.220002,8.306191,9.210955
"BCL2L11",5,"TTAGAGAAATAGAGGAAGTTGTCGTGTAGTTGTCATGTATTCAGTCCACTTAAGGGCAGT","hs|2q13",1.40659643691805,3.769497,2.679871,3.315117,3.769497,5.149848,2.679871,4.583458,2.368243
"DNHD1",5,"GACGCTGCATGACTGTGTTTGGAGATACCCTCCTATGTTCAGCTGCCATCATCTACCTGG","hs|11p15.4",1.39805344389339,3.567968,2.552097,3.567968,2.912166,5.658454,2.622525,2.49848,2.552097
"DNHD1",5,"GTTCTGGCCCATCTTTGATACCTTCATAAGGGATTCTATTAGTCGCCTCTCCAACTACCC","hs|11p15.4",0.748727545646711,4.184934,5.589395,4.184934,3.891592,8.089129,4.039077,5.589395,5.815588
"FRMD4A",5,"ACAAAATGTACATAAAACGTTAGTCCTTTGAGACTGACATGATTAATGATCAGTGTGGTG","hs|10p13",0.744012193974521,4.942194,6.642625,6.597572,2.665609,4.942194,6.642625,6.933697,2.603383
"ODZ3",5,"TACTGAAAATGAAGCAGTGATGTCCCCAGAGCATGCCATGAGACTTTGGGGCAGGGGGGT","hs|4q35.1",0.743144943024981,5.410576,7.280647,6.337504,5.410576,3.133639,7.280647,7.222928,7.414884
"RNF213",5,"GACACTCTCGTAAGTTACATGCAAACTAAAGAAAGTGAAATTCTTCCTGAAATGGCATCT","hs|17q25.3",0.737118272995653,5.266127,7.144209,7.327573,5.266127,3.133639,8.001411,6.677663,7.144209
"ATP11B",5,"GATCTGTATCATGAAGAATCAGATCAGAAAGCTCAAGTCAATACTTCCGATCTGAATGAA","hs|3q26.33",0.735267727882997,3.133639,4.261902,2.467137,5.29071,3.133639,3.008619,4.261902,5.613857
"DMD",5,"AGAAAATATAGTCACAGGAAACTACTCACGTAAGTAGTAATGATTCTCAAGATCAAAGGG","hs|Xp21.2",0.726899780830803,2.850962,3.922084,2.384431,2.850962,3.133639,5.123847,3.922084,2.876342
"KIAA1109",5,"CGAAAAGATTCACTCAGTATAAACCTTGAGTTTGTAAAAGTGAGTTTGTCACGGATCAGG","hs|4q27",0.722341995863831,4.539252,6.284076,4.539252,2.985229,6.392248,4.982194,6.284076,6.525608
"FOXP2",5,"GATACCCAGTCATCTATCACACCAAATAAAAGGACATAACGGCTTTCAAAAGGGTTTTCC","hs|7q31.1",0.720597248025581,7.788388,10.80824,6.609022,11.24389,7.788388,11.85665,9.904194,10.80824
"IDS",5,"TTGGTTTTTCCTCTATAAAAGTCAGGGACTATGATTTATATGGGTGAGAAGGTTTGGAGT","hs|Xq28",0.712124473283133,2.613766,3.670378,2.613766,2.408943,3.133639,5.740635,3.670378,2.506888
"CXorf36",5,"TGGCAGGAGCTTGCTAAGCTCAAAATCAAAGAAAGGTTCAGCAAGGCTGTCAGGGTGTCC","hs|Xp11.3",0.70404658737779,3.738926,5.310623,5.287759,3.738926,3.133639,6.456913,2.889461,5.310623
"INADL",5,"TCCCATTTGCTGAAGTTTTGCATGCTAAGAAATCAACTACAGCAGAAAATACAAGAATAC","hs|1p31.3",0.698993045501525,4.070031,5.822706,3.707631,4.070031,6.719969,4.414298,5.822706,6.110953
"TNRC18",5,"GGCCACGGGGCGTGGTGGACCTGACCCAGGAGGCGCGCGCCGAGGGCCGCCAGGACCGGG","hs|7p22.1",0.688144111429823,3.133639,4.553754,4.873783,2.575403,3.133639,4.553754,2.876153,5.153878
"SYNE2",5,"AACCTCAAGTGGACATGTTACAGGAGATTTCAAACAGCCTTCTCATTAAGGGACATGGAG","hs|14q23.2",0.686480506097695,4.070342,5.92929,4.070342,2.620585,5.696161,5.862002,5.92929,6.636949
"FOXP2",5,"AGCTGGTTTACACGGACATTTGCTTACTTCAGGCGTAATGCAGCAACTTGGAAGAATGCA","hs|7q31.1",0.682385034055676,3.133639,4.592186,2.530006,4.732531,3.133639,4.592186,2.49848,6.700759
"HAUS6",5,"GTCAGTTTCATCATCAGATAGAAACAGTGTTTCACTACTTGAAAAGGACACAAAGATGGG","hs|9p22.1",0.67916025311978,3.92825,5.783981,6.484198,3.92825,3.133639,5.783981,7.102308,4.815074
"DKK3",5,"TGCAGATGAAATGTTCTGTTCACCCTGCATTACATGTGTTTATTCATCCAGCAGTGTTGC","hs|11p15.3",0.675773252703719,7.478269,11.06624,10.6018,7.478269,3.133639,11.86354,5.470685,11.06624
"ABL1",5,"TCAATTGCTGACTTGTGGAGATGCAGCGAATGTGAAATCCCACGTATATGCCATTTCCCT","hs|9q34.12",0.650839090389528,3.445973,5.294662,3.445973,5.648662,3.133639,5.294662,5.883908,5.043345
"MCF2L",5,"CACATGGAGCACAAACAAAATATTTGCAAAACAATGGGAAGATCATTGAAACACTGTTTG","hs|13q34",0.623229170766943,3.974085,6.376603,3.974085,4.704137,3.133639,2.654167,6.543477,6.376603
"KLF6",5,"ACCATGCCGGTTTGATCTTCCATTGCTCAAGCCAGGGAATGCATTGCAGAGGCACCTGCA","hs|10p15.1",0.618318739592619,4.666778,7.547528,4.666778,5.014203,3.133639,7.547528,9.099659,5.749069
"ODZ3",5,"GATTCTGGAATCTGGCATCTGGCTTTTTATAATGATGGGAAAAATGCAGAGCAGGTGTCT","hs|4q35.1",0.616469964281152,2.871027,4.657205,2.871027,2.327534,3.133639,4.657205,3.614682,7.808728
"RALGAPA1",5,"TATTGATCTTAAACAGTTTTTCGACCAACATTTTTCACATATATACTATGTGTTCTTTGA","hs|14q13.2",0.609558722066547,4.691309,7.696238,4.691309,6.616349,3.133639,4.85985,7.696238,7.766387
"EWSR1",5,"GTATACACTTCAATACTTAAAAAGTACCCGTACTCAGTACTCAGCCGGCAGCATAATGAA","hs|22q12.2",0.607704629900523,4.378665,7.205252,4.378665,6.920561,3.133639,4.410368,7.205252,8.523259
"MCF2L",5,"GCTTTTCTAAGAATGGAGTACTCGTTTTCAAGAGATTTGTCCTAATTATATTTTCCAGCG","hs|13q34",0.605853137764575,2.688815,4.438064,2.345731,2.688815,3.133639,4.438064,6.875693,2.716907
"PGK1",5,"ACAACTTGTCAATTAGGCAAATATTTGAGTTCCTTCTATGTGCTTAAAGACGTGATAGAG","hs|Xq21.1",0.553879565569821,3.133639,5.657618,4.402641,2.824293,3.133639,5.523039,6.807898,5.657618
"ODZ3",5,"GCGCCGGCAAGGTGCAGGGCTACGACGGGTACTACGTACTCTCGGTGGAGCAGTACCCCG","hs|4q35.1",0.507161588638388,4.160706,8.203906,6.909184,4.160706,3.133639,8.785501,6.826383,8.203906
"IL6ST",5,"CCAACGAGGACCTTACAGCTTAGTTGAAGAAATTTTGCATAACTCAAGGAGAAATTGAAG","hs|5q11.2",0.507028260475554,2.57927,5.087034,2.477046,2.57927,3.133639,3.334893,5.087034,6.507523
"ATP11B",5,"GCCTTGTAAAAACTAGATCAAAAAACATTCGGGTGGGTGATATTGTTCGAATAGCCAAAG","hs|3q26.33",0.492942192183265,4.021276,8.157703,4.021276,8.88381,3.133639,2.862666,8.271019,8.157703
"CXorf36",5,"CTGTAGGGAGATTGGTTTTTAGTATAAATTACAATAAAATTTTGTGTATGTGTACAGCTG","hs|Xp11.3",0.450188205807695,3.133639,6.960731,6.416,2.876932,3.133639,7.826281,6.960731,6.474102
"ANK3",4,"GTGTCATATTAGGTTAATAAGGCTGCTGTGTTTTAAAGGGCATTTTTATTTGGGTTTTGG","hs|10q21.2",4.16320063303539,10.94341,2.628605,11.69748,10.94341,3.133639,3.838986,2.49848,2.628605
"SORBS1",4,"TCCCCTTCTTGTCCAGAGGCTCTCTGGTATCTGACTGCAGGCATTCAGCTTCCCCTGAGT","hs|10q24.1",4.02365002391686,10.61562,2.638306,11.08443,10.61562,3.133639,3.846043,2.49848,2.638306
"MUC5B",4,"CCAGCCAGTCCAGCTGAATGAAACCTGGGTCAACAGCCATGTGGACAACTGCACCGTGTA","hs|11p15.5",3.61551432949181,11.07628,3.063542,2.985501,11.52525,11.07628,2.606315,10.55195,3.063542
"CIRBP",4,"CCTCTTTAAGTCACACTCTTAACTTAGCTTTCTCTGATGTCTGTTGCCGCCATTAGTTTT","hs|19p13.3",2.97390334532041,8.199453,2.757135,8.199453,9.723626,3.133639,4.269383,2.757135,2.706603
"UHMK1",4,"TTGTTGTAAACTGACTTACCATAAGATGCACTGTTGATAATGCTTTCTGATGTGTGTTTG","hs|1q23.3",2.94732885578782,10.15455,3.44534,12.49537,10.15455,3.133639,8.652332,2.49848,3.44534
"UBE2V1",4,"ATACTTGTAAGCACACATGATCCCTCTGAATTGTTTTACTTTCCTGTAACTGCTTTTGCT","hs|20q13.13",2.91616329354421,11.16165,3.827512,11.76444,11.16165,3.133639,3.827512,2.898162,4.912733
"UHMK1",4,"GTGAATCCTGTGAGCTAATACAGTCTATACTTATTTCTTCCCTACCTGTTTCACATCCGT","hs|1q23.3",2.90216400811574,7.633977,2.630443,7.633977,8.279655,3.133639,3.866145,2.49848,2.630443
"CYHR1",4,"GGCAATGCTGTTGGTGGTCGCAGTGACCATCCTCATTGTAGCTGTCTTCACGGCCAACAC","hs|8q24.3",2.82962236590178,7.77956,2.749328,9.923627,7.77956,3.133639,3.869565,2.49848,2.749328
"PFKFB3",4,"GAAACACTGAGGCAGACGTGTCGGTTCCATTCCATTTCCATTTCTGCAGCTTAGCTTGTG","hs|10p15.1",2.8173804544235,13.07373,4.640385,5.63795,13.07373,15.65962,4.640385,14.60492,2.697334
"CELF4",4,"ACTCCCTAAAACTCCTTGTAACCTTCTGTAACTATTGGATGACGCTTTCTCCAGCTTAGC","hs|18q12.2",2.47717812429957,6.18918,2.49848,6.18918,3.180296,6.903503,2.247212,2.49848,2.861144
"PDE11A",4,"AAGCAAACTATAGGGGTCCCTAATTTTGGATTTTTCCTTAAGTGTAAGAAACAATGCTTC","hs|2q31.2",2.15883537190612,5.393807,2.49848,5.142458,5.393807,6.430899,3.967974,2.49848,2.317173
"KLC1",4,"TTCTAATACGTTGCCAATCTTTACGCTTAAAGTGTTGACATTTACTTTGATGACCATTGG","hs|14q32.33",2.06241968241376,5.917245,2.869079,6.405847,3.665262,5.917245,5.805174,2.869079,2.404829
"SOCS7",4,"CGAAAGTTCTACTACTATGATCCTCAGGAAGAGGTATACCTGTCTCTAAAGGAAGCGCAG","hs|17q12",2.00148084935495,5.422524,2.709256,3.831254,5.422524,5.714002,2.484963,2.995904,2.709256
"RPL7A",4,"ACGTCTAGTCCACAGGAAGACCTGCACCACTGTCGCCTTCACACAGGTGAACTCGGAAGA","hs|9q34.2",1.97442838453234,16.13169,8.170309,17.32043,16.13169,5.913196,8.76084,8.170309,8.16202
"GRIN2A",4,"TTTGTTCAATGTGTTATCAACTGTTTTAAGGAATGGGGATTGAAATTCGTGTGCAAACTG","hs|16p13.2",1.93168335487257,7.699205,3.985749,7.699205,9.084029,3.133639,6.871851,2.49848,3.985749
"C6orf89",4,"AAATCTACCCAGTTCAGACTTGAATGTAAACTTGTATTAGGGGAAAATTCTCCAAAGAGG","hs|6p21.2",1.91995266713514,7.702061,4.011589,8.903017,7.702061,3.133639,8.415545,4.011589,3.905906
"RMND5A",4,"TTTGCTTAAGAAAGAAAGCTGTGATAGATTCCAGATATGCTTTTTGATGTTTTCCTCTGC","hs|2p11.2",1.91752454279252,7.358464,3.837481,7.676526,7.358464,3.133639,6.531369,2.49848,3.837481
"POTEE",4,"ATTCCTCCAAGGAAGAGCAGAACACCTGAAAGCCAGCAATTTCCTGACACTGAGAATGAA","hs|2q21.1",1.90247831831257,7.469147,3.926009,3.007336,7.469147,8.826935,2.531434,7.183947,3.926009
"SCD",4,"TTTGGGGTCCCTCAGGTTCCTTTTTCAAAAACCAGCCAGGCAGAGGTTTTAATGTCTGTT","hs|10q24.31",1.76923402690859,9.566857,5.407344,5.255752,9.566857,10.24592,5.380743,9.569561,5.407344
"WDR90",4,"TGGCTGCGTCTGAAGGCTGTCGTCGGTTACAGCGGGAATGGGCGGGCCAACATGGTCTGG","hs|16p13.3",1.70785955536666,4.902334,2.870455,4.902334,3.515216,6.866084,5.087034,2.870455,2.785513
"VSTM4",4,"CATTATGGACCCAACTGTAAGATGGCACATATGTTGGTTTTCCAAGGATCAGATGGCATT","hs|10q11.23",1.70730436501163,5.70156,3.33951,6.502084,2.550561,5.70156,6.524677,3.33951,2.540144
"SCD5",4,"CATACAGCACTCTATAGGAGATATTCCATTTATAAAAACTTTAGGTTCTAAAAACCTGTA","hs|4q21.22",1.70222230505905,4.383808,2.575344,2.856428,4.383808,4.874134,2.575344,4.133597,2.565857
"METTL19",4,"TGCTCCGACCTTTGAGTTGTCCCGCCTTTCTGGACCAAACCAATGTATTTCTCAAATGTA","hs|4p16.1",1.7006208040853,8.956964,5.266879,8.956964,9.71476,3.133639,3.861163,5.266879,8.099255
"DIAPH3",4,"TTGCTGGAACTTGTATTGCTAATGGGAAACTACATGAATGCTGGCTCCCGGAATGCTCAA","hs|13q21.2",1.69447181893401,5.574409,3.289762,4.558047,5.574409,6.54592,3.986315,2.756787,3.289762
"FLJ45340",4,"GCTATTTTCCGAAAAGTGAAAAGCTCTGAAGGTCCCACAATTCATGGTATGTACAGGGGC","hs|7q32.1",1.67814266563297,8.312042,4.95312,9.653677,8.312042,3.133639,7.394851,2.766009,4.95312
"RHOF",4,"GTTCATAGACCACCTGTGTCACCAACAGCCAGATACCTAATCCCTGAGCCTCCTTTGGGA","hs|12q24.31",1.67082518801583,5.746977,3.439604,5.746977,3.814648,7.625436,6.00456,3.146276,3.439604
"HYDIN",4,"CGGGTACAGCATAATCATCCCCTTCAAGAATGTCTTCTATCACATGGTGACCTTCTCCAT","hs|16q22.2",1.67020519278449,4.295883,2.572069,2.952133,4.295883,5.253181,2.572069,2.49848,5.913014
"NRG1",4,"ACCATCGTGGAATCAAACGCTACATCTACATCCACCACTGGGACAAGCCATCTTGTAAAA","hs|8p12",1.66135785036075,6.643888,3.999071,4.361487,6.643888,8.162718,3.034168,6.670465,3.999071
"GK",4,"TAAAAGGTTCTGTTTTGTTTGGAATCAATGGTAGCTTTATTGACTGTTCTGATTGTGCTG","hs|Xp21.2",1.65686601825315,6.521027,3.93576,6.521027,6.708375,3.133639,6.603746,2.49848,3.93576
"WWOX",4,"GTGTCATTGTGGTCTCCTCAGAGTCCCATCGATTTACAGATATTAACGACTCCTTGGGAA","hs|16q23.1",1.64685041805783,6.495099,3.943952,6.495099,5.702709,8.199617,6.680119,3.880098,3.943952
"MIB1",4,"TGATCTTAAGTTTCCGAAATACACTCTGTAACACTACACTGATTCTTTGAATCTCTTGCA","hs|18q11.2",1.63286178791521,6.876866,4.211542,2.536157,7.073933,6.876866,2.254055,4.211542,4.900476
"ZFYVE16",4,"CTGTTGTAATAGGAAGTGTAAACTGCAATATCTAGAAAAGGAAGCAAGAGTATGTGTAGT","hs|5q14.1",1.63224268818905,7.408792,4.539026,7.408792,5.616502,7.720159,4.248344,5.933006,4.539026
"IGF2",4,"TGCTTCCGGACAACTTCCCCAGATACCCCGTGGGCAAGTTCTTCCAATATGACACCTGGA","hs|11p15.5",1.62078994494708,9.854351,6.079968,8.257407,9.854351,10.40666,5.313528,6.079968,6.628783
"TMEM132B",4,"GAGATTTGTTCTAAAGTCACAGCAAACGGCAGAACTAACAATAACCAAACTACTCCCTAA","hs|12q24.32",1.61839961323727,5.188751,3.2061,2.612824,5.188751,5.929542,3.2061,2.49848,4.928417
"DNAH14",4,"GAAAAGTCCTAAATCCCTTTACAATCCATATGATCTTCAGGTAGTATCGGCTCATACTGC","hs|1q42.12",1.60835130030017,10.04233,6.243866,8.352435,10.04233,10.28633,6.143416,8.216899,6.243866
"CA12",4,"ACCTCATCTCAATCCAGCCAAATCAACCATCTAGAGCACACAGGCCGAGAGAAATGTAAT","hs|15q22.2",1.60760311169207,7.669315,4.770652,7.423016,7.669315,7.961916,3.964411,6.856027,4.770652
"LRPAP1",4,"GTCAGATTCCCACAGCTCTTAAGGAGAAATTCAGTATTTACTGCAGCATGTGTTTTCAGT","hs|4p16.3",1.60565085018849,5.335528,3.322969,7.061467,5.335528,3.133639,5.861595,3.322969,2.796396
"C12orf51",4,"TCCCCAGTACTCCTCTCTGGAAATCATGCTGGAGAAACTTCGTGGTGCCATTCACTACCG","hs|12q24.13",1.60545412367264,4.768332,2.970083,5.047284,4.768332,3.133639,5.310623,2.49848,2.970083
"DPY19L2",4,"TGAAGTGAGATTTTCAGATCCTAGATCTTGAATATAGCAAAGGTCTTTTCATCTTGATGG","hs|12q14.2",1.60074879761819,4.714186,2.944988,4.714186,2.930363,5.471025,2.67169,5.097013,2.944988
"NEDD4L",4,"CTCAGACTGATTTCACCTAGATTGTCACGGTTTCCTTCATGTTAACTTTGCGTGACTTTG","hs|18q21.31",1.56374233925554,7.778658,4.974386,7.778658,6.963073,9.008669,6.462619,4.974386,3.646223
"RIF1",4,"TGTCTCAGATATAATTGATCCTGTTGCTTTAGAAATTCCATTATCCAAAAACCTTGTGGC","hs|2q23.3",1.55692343735619,6.698688,4.302516,6.698688,6.973894,3.133639,5.636107,3.750114,4.302516
"SLC9B1",4,"TCCAACATTACTAATGGCTGCTAGCAGTATGGATGACATTCTGGCTATCACTGGATTCAA","hs|4q24",1.55661366672883,4.874654,3.131576,3.00711,4.874654,6.101699,2.260073,6.157878,3.131576
"MUC5AC",4,"ACCTCCAAGGAGAACCTCCCATATGTCCTCTGAGCTCGGCTTCCAAGGCCAGTGGAACTT","hs|11p15.5",1.54857418806059,5.05384,3.263544,3.226319,5.05384,5.859216,4.208628,2.49848,3.263544
"DYRK1A",4,"AAACGCAGTGCAATCAAGATAGTTGACTTTGGCAGTTCTTGTCAGTTGGGGCAGAGGATA","hs|21q22.13",1.54307967493953,4.041642,2.619205,4.462091,4.041642,3.133639,3.821197,2.49848,2.619205
"XPNPEP3",4,"CAACTAGTGTCTGATAGCTGAGAATGTAATTCGTTTGTGTGTCTATTAGAAAATTAGGCA","hs|22q13.2",1.53475313902794,5.487097,3.575231,7.975378,5.487097,3.133639,4.30609,3.079808,3.575231
"TRIM14",4,"AACAAGCTGACTCTTGCAGAGAGCAACTTGACATCATGAATGATCTCTCCAACAGGGTCT","hs|9q22.33",1.52488676667813,4.159211,2.727554,4.159211,3.201635,5.82151,4.116741,2.49848,2.727554
"PHKA1",4,"ATGTAGGTAGCCTTGCTTGACAAATGTTTCTTCTAACTCTCCTTCTTCTGAATTGTGCAG","hs|Xq13.1",1.52173918341657,4.995118,3.282506,4.995118,2.698062,7.728747,5.460935,3.005512,3.282506
"KIAA1456",4,"TTAAGGTACAGCATAGTTAGCCTTGGTAGAGGTATGACTTGGATTTGCTGTATCCTTTAA","hs|8p22",1.51943370992357,4.153603,2.733652,4.153603,4.039934,7.320475,2.921607,2.49848,2.733652
"RFX4",4,"CACTTCCCGGATGGAACCTTGTTTGATGAGCAGTACTCCCAGACTGCATCCTACCCCAGT","hs|12q23.3",1.5194135809203,4.317751,2.841722,2.917035,4.317751,6.028275,2.576612,2.841722,3.448926
"ADAM22",4,"TCATGGAATCACTGCAAATCTATCTGCTCTTCAGACAATACGAAGACCCTCTGAGATGCT","hs|7q21.12",1.51270703497566,4.685129,3.097182,7.111931,4.685129,3.133639,3.848797,3.097182,2.905862
"HSD17B1",4,"CGGGAGCGTGGGAGGATTGATGGGGCTGCCTTTCAATGACGTTTATTGCGCCAGCAAGTT","hs|17q21.2",1.50583295507928,5.696161,3.782731,5.696161,4.96509,7.865558,5.407344,2.49848,3.782731
"KLHL5",4,"TTGTCTCAAATCAGTAGAATGTTTTGATCCTCATACTAATAAGTGGACACTGTGTGCACA","hs|4p14",1.50101391746974,6.407216,4.268592,7.346964,6.407216,3.133639,6.969731,2.770556,4.268592
"DYRK2",4,"TGCACAGAGATTATTGTATTACCTGTAAATTGATTTACAAGTACTTAAAAGCGTGGTCCC","hs|12q15",1.48004863447531,8.724271,5.894584,8.724271,9.02951,3.133639,5.894584,3.475756,6.648982
"SLC26A1",4,"TCCAAATTTCACAACAGGCTTTACCATGTGGATGATGTAACCAGTCATCAGTACATTTCT","hs|4p16.3",1.47748965632501,5.375066,3.637972,5.375066,6.129479,3.133639,4.78576,3.261426,3.637972
"BNC2",4,"GACCCCAAAATCTGTTATGTGTGCAAGAAGAGTTTCAAAAGCTCCTACAGTGTGAAACTT","hs|9p22.3",1.47495426788202,8.486319,5.753615,9.081582,8.486319,3.133639,6.099393,3.949404,5.753615
"EXOSC6",4,"ACTTGGTCTGGAGCAGGGACTACTTGGAATGATAAAGGCAAAACTCAACAGCCCCTGGAG","hs|16q22.1",1.47392365943995,7.497378,5.08668,8.457619,7.497378,3.133639,5.08668,3.152536,5.106515
"MGA",4,"TGGACATTGAGACTGTAGAAGAGCTCTCAGAGGAAATTAATGTTGCTCACCTGAAGACCA","hs|15q15.1",1.47282595662975,8.721442,5.92157,10.66378,8.721442,6.156704,5.92157,4.500792,6.037508
"CELF4",4,"GGGTATTGTCATTTGACCCCAACTTTATTCTCACCATCATGACCACTACTATTGCTTCAA","hs|18q12.2",1.47081389478021,5.240732,3.563151,3.185538,5.240732,6.8813,3.474134,5.337041,3.563151
"GRIN2A",4,"TATGCCTTATGCTGCAAATAAGAATAATATGTACTCTACCCCCAGGGTTTTAAATTCCTG","hs|16p13.2",1.47043972451532,5.537701,3.766017,4.690891,6.042495,5.537701,2.24373,6.368141,3.766017
"PLGLB1",4,"ACAGGGATATTATTAATAATTGCGTAACGTGTTCACCTCTCGGAAAGGAGCAAAACTTTG","hs|2p11.2",1.46306591385035,4.046536,2.765792,3.83953,4.046536,5.659618,2.57197,4.795191,2.765792
"CAMTA1",4,"CAGTGGAGGGCTTAGATCATACAAAAATCTTTATTGGGTCCGTGTGTTCTCATTTCCTTC","hs|1p36.23",1.45879164561284,8.458993,5.79863,6.921939,8.458993,9.085819,5.79863,4.645458,6.779654
"ZRANB3",4,"TGGGATTGTAGAGGGGCATCAAATCTTAATGAACTTCACCAGCTATTAAGTGACATAATG","hs|2q21.3",1.44338374152747,5.915766,4.09854,4.695865,5.915766,7.174209,2.656049,5.567105,4.09854
"FGF1",4,"AGACCATTTGTATTACCATTACTTGTATAAATACACTTCCTGCTTAAACTTGACCCAGGT","hs|5q31.3",1.44313175242286,5.386293,3.732364,3.881672,5.386293,6.83411,3.732364,3.116162,5.082264
"DPY19L2",4,"ATGAAGTGAGATTTTCAGATCCTAGATCTTGAATAAAGCAAACGGCTTTTCATCTTGATG","hs|12q14.2",1.44204753691926,3.745805,2.59756,3.745805,2.915427,6.348375,2.59756,3.148443,2.574415
"DCLK1",4,"TGGGGTTCCTAGGACGTCAGAAGGAATCTTTAGTTTGTATGTAATTACACACTAGAGGAG","hs|13q13.3",1.42582436117002,5.051027,3.542531,6.174053,5.051027,3.133639,5.79422,3.542531,2.746658
"SCAI",4,"TTTTGATTTTGAGGGATGGATATTTACCTCCAACTTCTAATCCTACACTCAAATAGTCAC","hs|9q33.3",1.41962574539704,5.076982,3.576282,2.514972,5.076982,5.297099,3.004622,3.576282,4.119676
"SCAI",4,"GTGGACAATTCCAGTCTGTCTACTACGACAATCATCTTTTTAGGTGTAATATTGTTTAAG","hs|9q33.3",1.41614894661851,5.854119,4.13383,5.854119,5.535827,6.276824,5.812537,4.13383,3.007818
"DIEXF",4,"GATTTATAGAAACAGTGATCGTTGCAGAAAAATAATTAGCAAGAGAACAGACTTCAGCTC","hs|1q32.2",1.40791429123181,4.024416,2.858424,3.100946,4.024416,5.656644,2.393796,4.369436,2.858424
"TMCO1",4,"CCATGGTAAGGAATAAATAAGAGGGAGAAGTTAAAAAGGAGAGATTACATCTATTCACCC","hs|1q24.1",1.40580266603391,5.16618,3.674897,2.949509,5.16618,6.134526,2.627983,4.85759,3.674897
"DNAH14",4,"TGGAACTGCCAGATGTTTTCCCAATGGGTGTTATCTCATCCAGGACAAGTGGTACTTACT","hs|1q42.12",1.4040405507729,3.866145,2.753585,3.866145,6.600505,3.133639,2.753585,2.49848,3.033694
"GK",4,"GCTGGCTCCTCGACAATGTGAGAAAAGTTCAAAAGGCCGTTGAAGAAAAACGAGCTCTTT","hs|Xp21.2",1.39659739516,6.374773,4.564503,3.926219,6.374773,7.224719,3.968284,6.633446,4.564503
"NRG1",4,"ACTAACCCAGCAGGCCGCTTCTCGACACAGGAAGAAATCCAGGCCAGGCTGTCTAGTGTA","hs|8p12",1.39097180022719,6.745725,4.849649,6.484693,6.965438,6.745725,4.849649,4.650186,6.69157
"PAPLN",4,"TGACTTTTATTACCAACACACTGGCTGGAAAAGGGACAAACCACATCACGGGTGAGTGAT","hs|14q24.2",0.747948630239862,7.718598,10.31969,8.884072,7.718598,7.101527,10.31969,8.82179,10.39948
"TTC39C",4,"CTTCAGGGAGTCGGACCAGCTTTTCAAACAATACAGAAATCATAGCCCACTAATGAGTTT","hs|18q11.2",0.746805127513128,5.777861,7.736772,5.953072,5.777861,4.926594,7.736772,6.371712,9.480675
"NF2",4,"AAATTGATGTCTTCAAGTTTAACTCCTCAAAGCTTCGTGTTAATAAGCTGATTCTCCAGC","hs|22q12.2",0.744006219035311,3.28562,4.416119,5.369373,3.28562,3.133639,5.591425,2.938942,4.416119
"ABCB10",4,"AGTTTGGAAGTCCTTGCTATTCAACAGAATAACAAGAAACCTTCAGAATGTATCACTCTC","hs|1q42.13",0.742991360818745,5.596442,7.532311,6.96454,5.596442,3.133639,7.8661,7.532311,7.244535
"C12orf51",4,"AGACGAAGCAAACAAGTTCACAATTGATAAAGTTCGAAAAGGTCTCACAGTAGTAACCCG","hs|12q24.13",0.742237840895573,3.849742,5.186669,3.849742,4.706103,3.133639,3.73111,5.186669,5.263965
"SPEN",4,"TCCCAAACAGCATAATTAAGAGAGATAGCCTTCGAAAAAGGTCTGTACGAGATCTGGAAC","hs|1p36.13",0.742146033862261,6.3236,8.520695,7.642045,6.3236,4.942647,7.638061,8.951418,8.520695
"PDXDC2P",4,"ATGTAGGCTTGCCATTCATTCTCAATATGAAGACTTCGTAGTGGATGGCTTCAGTGGGTT","hs|16q22.1",0.742024976492337,3.133639,4.223091,5.938948,2.895878,3.133639,4.223091,6.52129,2.599065
"MUC17",4,"CCTTGGACACTGGACTGCATGCACTTTACATATCACAAAATGCTCTCATAAGAATTATTG","hs|7q22.1",0.739959779183087,3.740934,5.055591,2.643755,3.740934,6.94925,4.14709,5.483735,5.055591
"HIF3A",4,"TAAATGCCGGTGTGTGTGTCTGCATGGACACAGGTATGTGTATGGGTGTGTAGACTGTTA","hs|19q13.32",0.738963906869182,4.279272,5.790908,4.237351,4.279272,8.080324,5.790908,5.896837,4.647979
"SVEP1",4,"TGCTAGCATTGTTGTTCTTGGTTTCAAACAAAGATTAACAGCTATCTCTCTCATTTCCTA","hs|9q31.3",0.737130139863857,3.133639,4.251134,2.339037,4.489825,3.133639,4.551426,4.251134,4.248683
"TRIM62",4,"CTGATGACATGTCCTGGCTCTACACCTTCCGCGAGAAGTTCCCTGGCAAGCTCTGCTCTT","hs|1p35.1",0.733618066580074,3.415937,4.656288,4.823807,3.415937,3.133639,4.792232,4.420152,4.656288
"TTC39C",4,"ATGATTTCTAGACAAGTCATCTGCTCACAGACAAGAATGTGTCTCTGCCTTGCTCCTGGA","hs|18q11.2",0.732262198148358,6.808746,9.298235,7.40436,6.808746,5.855658,9.298235,9.296353,9.582835
"LRCH3",4,"TTGTGGTAGGGAACTTACCCTCAAGTGTAGTATCTTTTACTCTTGAGCCATCTGGTAGCG","hs|3q29",0.727390835862317,3.133639,4.308054,4.521531,2.523068,3.133639,5.151561,4.308054,2.309187
"RASSF8",4,"GGGTAGTGGGCAATGGTATACAAAAATACCAAATATAAAATTTTCATCTGGGGGAATGTT","hs|12p12.1",0.727260477768581,7.113678,9.781472,7.113678,9.711105,3.133639,7.432025,10.15236,9.781472
"MBNL3",4,"GGGTGGGAAAGCATAAGATGGGGACTAAGACTTTGCCTTTAACCTTCATGACATGAAGAA","hs|Xq26.2",0.724259038740443,5.911206,8.161729,5.911206,8.573707,4.732281,8.161729,4.937408,9.955027
"PCDH7",4,"CGGTTAGCACCTATTAGACGTAACAGTGATGTCTTTTAAAAAATCCAAAAGCATATTGCA","hs|4p15.1",0.721779620244464,4.988237,6.911025,4.988237,6.074872,3.133639,7.885518,6.437705,6.911025
"NLN",4,"TTTTTTATTTCTGAAAATAAAAAGTACATTTATTCTCAACTTTGTAATACAGTCCATTTA","hs|5q12.3",0.72114268487451,3.133639,4.34538,2.352909,4.7368,3.133639,2.620993,4.34538,5.547363
"GM2A",4,"CATTCTCTCTAAAGAGCCTCGTTCATTTCCAAAGCAGTTAAGGAATGGGAACCAGAGTGT","hs|5q33.1",0.720443952911756,4.798406,6.660346,6.617489,4.798406,3.133639,6.660346,4.979329,6.72595
"SLAIN2",4,"GCATTTTCATACCAAATGCGAATATTTAGGTGATCACGTGCATCTTTTCTTGTATGGATG","hs|4p11",0.719996218666705,5.834102,8.102962,8.393279,5.834102,3.133639,8.461212,8.102962,7.397607
"GNAQ",4,"AGTGGCAAGAGTACCTTTATCAAGCAGCTGAGAATCATCCATGGGTCAGGATACTCTGAT","hs|9q21.2",0.716314846943584,4.103954,5.72926,4.103954,5.559779,3.133639,4.325012,5.72926,6.223982
"CDH23",4,"TTAAGCATCTAAGGACAAGGTAAGGAGGGTCACTGGGGCCCAAGAGTCTGGGGACCAGCT","hs|10q22.1",0.715612567971345,4.819919,6.735375,4.819919,4.519417,6.313153,6.735375,4.578434,6.783304
"EXOSC6",4,"GATATGCTTTATTTTGGGTATGTAGTTTACAAAATATAAAGGAAATATAAGGAGTGTTCT","hs|16q22.1",0.715245550464228,6.231363,8.712201,7.897455,6.231363,5.422205,7.306968,8.712201,9.070787
"SAMD9",4,"AACCTACCTCCAGATTAGTAAAGCCAGTTGAAAAACTAAAAGATCAGCTTCGAGAAGTCT","hs|7q21.2",0.715223436917241,5.168108,7.225865,4.613967,5.168108,7.061134,5.43898,7.334795,7.225865
"PDK3",4,"TGTCACCCTTTAAATAGACTTATTTGCATATAAACTAAAGCACCTTAGGGCATCATTACC","hs|Xp22.11",0.712357125965222,3.427938,4.812106,3.427938,4.751975,3.133639,4.077672,5.053465,4.812106
"STYX",4,"TATCTAACTTTTCTCAATCCTCTCTTGAGGTGCTTTACTAATGGGAATGATTTCTGTATG","hs|14q22.1",0.711645302736176,3.133639,4.403372,6.051499,3.026804,3.133639,5.952118,3.125123,4.403372
"EPB41L4B",4,"TGTGCCAAAGCATTCTGTAGAGTAGGATGAGATGGTTGTTGCCCTAGTCTGTTGGTAGAA","hs|9q31.3",0.710504635095708,3.982576,5.605278,6.656207,3.982576,3.133639,5.605278,5.71302,3.390183
"GCFC1",4,"GGGTATTGGTGAACGGTATAAATTTTTGCAAGAAATGCGAGGGTATGTCCAAGACTTGCT","hs|21q22.11",0.710454932458031,5.141865,7.237426,5.141865,7.426218,3.133639,4.72102,7.237426,7.760861
"CDH23",4,"CCATCTGACGCTACAGTCACCACGACCTTCAATATCCTGGTTATTGACATCAATGACAAT","hs|10q22.1",0.71016220033323,3.133639,4.412568,2.726396,5.096821,3.133639,4.338756,5.789588,4.412568
"FUT9",4,"GTATTAAATATAAGACGTTAAATATAATAAAGTGGGGATATATAGAAACACACAGTGTTA","hs|6q16.1",0.70987429703259,3.525174,4.965913,3.525174,4.593089,3.133639,2.397577,6.561222,4.965913
"MITF",4,"AAGATGGAGGCGCTTAGAGTTCAGATGTTCATGCCATGCTCCTTTGAAAGCTTGTATCTC","hs|3p13",0.709214635935658,2.614046,3.685832,2.299699,2.614046,3.133639,3.685832,3.488906,5.461144
"KIAA1244",4,"GGTAAAGTGTGCTTCATGAAACAAACATCTGGAAAACTCCAAGTATAAGAGACCCTGGAC","hs|6q23.3",0.707828022802731,3.394436,4.795566,3.394436,4.574747,3.133639,3.005293,5.213636,4.795566
"XIRP2",4,"TTCCTAATGAAGAACCAAATATGTGTAAAAATATTGCAGAAAACACCCTTGTACCTGGAG","hs|2q24.3",0.702010571247944,3.133639,4.463806,2.625197,3.741488,3.133639,2.761406,4.463806,4.959107
"SEMA6A",4,"CTTTCCACATCCATGAAGCCCAATGATGCGTGTACATAATCCCAGGGGGAGGGGGTCAGG","hs|5q23.1",0.701521705082889,4.819586,6.870188,6.098881,4.819586,3.133639,6.870188,5.642067,7.603893
"ZMYM5",4,"TGTAGTAAATTAGCAGAGGTCTGGATTTTTATACCTAAGTTGTTGTTTAGGCTAACAGTG","hs|13q12.11",0.701126218355972,5.338483,7.614154,7.442072,5.338483,3.133639,7.614154,8.342303,6.22987
"ZNF644",4,"AAGCAAGTCAACACCAAGTTTTATTTTTGTTATCAGATGTAGCACATGCTAAGAATCCCA","hs|1p22.2",0.701062326983301,7.870995,11.22724,7.870995,11.22966,3.133639,7.87745,11.22724,11.47587
"MLLT4",4,"CAAGCTCATGCTGGAGTGGCAGTTCCAGAAGAGACTCCAGGAGTCGAAGCAGAAGGACGA","hs|6q27",0.698404494552308,3.133639,4.486854,3.791867,2.867115,3.133639,4.486854,2.773866,5.075937
"LYRM7",4,"CTAGTGATGAGAGAAATGTAAATTAAAATGAAACATGTTTGTTCATCAAGTTGTCACAAG","hs|5q23.3",0.69632244287565,3.133639,4.50027,6.106742,3.131844,3.133639,3.888827,4.971453,4.50027
"SSH1",4,"GGGTACGTAGTGCATACCTTATATAGCAAATTGAGAATCTGTTGGGAATAACACATATCT","hs|12q24.11",0.692714468853385,3.731657,5.387006,4.176552,3.731657,3.133639,4.620647,5.763134,5.387006
"ZNF395",4,"TCAAAGCCCTCCATCTGGGGGACACAGTGGACTCTGATCAGTTCAAGCGGGAGGAGGATT","hs|8p21.1",0.69154309269828,4.068848,5.883723,7.791851,4.068848,3.133639,8.222744,2.49848,5.883723
"GOLGA8F",4,"AGAGAGATGCCATCAGAAAGTTTATCACCCTATAACAAAGCCAGGGGGCAGTGCCAAAGA","hs|15q13.1",0.689632816298424,3.645337,5.28591,3.645337,4.888214,3.133639,2.78481,5.28591,6.121527
"CENPN",4,"CTCAACTCAAAACTTTTTAGGAGAATCATGAAATTGGTCTATTCAAAGGATGGAGTTGAG","hs|16q23.2",0.685939766937484,3.133639,4.568388,4.222831,2.249848,3.133639,4.568388,4.894485,2.385021
"SPTB",4,"ATGTCTCCTCTGTGGAACTGCTCATGAAGTATCACCAGGGCATCAATGCAGAGATTGAAA","hs|14q23.3",0.685116432410947,2.354491,3.436629,2.354491,2.34004,3.133639,3.982072,3.436629,2.755883
"EPB41L4A",4,"ATTTGTCTTTACATTTTAACCAAAACTAGGTGACAGTAGCGAAAGAGGAAGAAAAGTGTG","hs|5q22.2",0.684032932536411,3.133639,4.581123,4.56613,2.830481,3.133639,5.621291,4.581123,2.705527
"PIEZO2",4,"AGGTGTGAAAATAGGAAAATACAGTGCAAAATGTGTTAAGGGATTATAGGACTGTCTTTG","hs|18p11.22",0.683321438158282,3.133639,4.585893,2.388195,5.306733,3.133639,3.28738,6.453332,4.585893
"CCDC132",4,"GACATTAACCATTATACCAAGGTTCAACAAGCTTATCGACTTCTTGGAAAAACACAGACA","hs|7q21.3",0.67997808447331,5.134386,7.550811,5.134386,7.072595,3.133639,5.843965,7.550811,8.092217
"SPTB",4,"ACCTGCTCAACCGTGCTTCCACCAACCAGAGGAAACCCATTTACTAGTTTTTCTAATAAA","hs|14q23.3",0.678556287713073,6.011778,8.85966,6.011778,5.833577,8.350501,8.950435,8.85966,8.030845
"PPARA",4,"TCCATATCTTTGTTTTAACCAGTACTTCTAAGAGCATAGAACTCAAATGCTGGGGGAGGT","hs|22q13.31",0.675322086438255,3.133639,4.640214,5.036958,2.546334,3.133639,5.746977,2.49848,4.640214
"DIAPH3",4,"TAGAGATGATGGAGAACTTTCCAAAGCCACTGTCAGAGAATGAACTCTTAGAACTTTTTG","hs|13q21.2",0.671131899892594,3.133639,4.669185,2.565083,6.10292,3.133639,3.063841,4.669185,5.223929
"TMSB4X",4,"ATGATTTAAGAACAAAACCGAAAAACTGGCGTTTTGTCGTGCCGCTCGGAGGGGACATTA","hs|Xp22.2",0.670574625520077,3.577694,5.335266,5.763993,3.577694,3.133639,5.626082,4.800391,5.335266
"OXR1",4,"CAGTGTCTACTGTCTTTTCTTATCCCACAGGTGGATTGTACACATAATGAGCATCATTGC","hs|8q23.1",0.668551727522052,3.133639,4.687205,3.771617,2.692287,3.133639,5.826622,4.687205,2.35944
"CTAGE5",4,"GAGAAATCCAAACATTCTGAACAAGATGAATTGATGGCGGATATTTCAAAAAGGATACAG","hs|14q21.1",0.663638598015779,5.872747,8.849315,5.872747,9.331718,5.595967,5.691917,8.849315,8.878928
"ADAMTSL1",4,"AAGGAGCTGCTGTGTCAGAGGAGCCCTCGTAAGTTGTAAAAGCACAGACTGTTCTATATT","hs|9p22.1",0.663586807557371,4.449826,6.705718,4.449826,4.379973,7.545105,7.188065,6.705718,6.507774
"MLLT6",4,"AACACCAGACTGTTGTCTACCAGATGATCCAGCAGATCCAGCAGAAACGGGAGCTGCAGC","hs|17q12",0.658712646490585,3.133639,4.757217,4.704878,2.381111,3.133639,4.757217,2.49848,4.887491
"TRPM6",4,"TGCCCAATTGCCAAACTAAAGACATCAGTTCATTGGTCAAATATTTGTTACCTGGAATGG","hs|9q21.13",0.64721440506517,4.090718,6.320499,6.085062,4.090718,3.133639,6.448796,6.320499,2.972221
"OTUD4",4,"GAAAGTTGGTGTTTTTGGTTGATGAGAATTTACGTCTGCAATCTAGATGCATATTTGTAG","hs|4q31.21",0.640941546240306,3.151848,4.917528,4.743192,3.151848,3.133639,5.163183,4.917528,2.402271
"FAR1",4,"CAATAACTCGTCTTCACAAAGCTATGGTGTTTCTTGAATATTTCACAAGTAATTCTTGGG","hs|11p15.2",0.639240870965009,5.470096,8.557175,5.470096,6.225184,3.133639,5.833937,8.794658,8.557175
"SPTB",4,"CTACAAGAAGAAGAAGCACGTCTTTAAGCTGAGGCTGAGTAATGGCAGCGAGTGGCTCTT","hs|14q23.3",0.636450910096085,2.7261,4.283284,2.7261,2.683479,3.133639,4.283284,4.695419,2.831437
"APOL6",4,"ATCTTAGAAACACCTTGAAGTATGCCAAGAAAAACGTCCGTGCATTTTGGAAACTCAGAG","hs|22q12.3",0.63064536903243,3.133639,4.96894,4.649275,3.113359,3.133639,4.96894,5.328313,4.746388
"TMCC1",4,"GTAGTCACTGTTGAAGCAAATGCCTACCTAATTTGACACTCTTGGTGTGTTTAAAAAATT","hs|3q22.1",0.617754301023335,3.133639,5.07263,2.548389,6.601121,3.133639,2.925267,5.07263,6.936533
"BMP1",4,"CTTCATGGAGATGGACATCGAGTCCCAGCCTGAGTGTGCCTACGACCACCTAGAGGTGTT","hs|8p21.3",0.612003793211585,4.884786,7.981627,7.717731,4.884786,3.133639,8.034427,6.616349,7.981627
"MCTP2",4,"TTATGTATTAGGAATCTTGTGACAACGGAACAGTTGAAAAATTAAAATAAAAATTGCCTG","hs|15q26.2",0.604932831878181,3.186546,5.267603,3.186546,2.503736,5.123529,5.267603,6.995739,4.675349
"HIF3A",4,"CACCGAGAATGTGCACAGACTCTTCACCTCCGGGAAAGACACTGAGGCAGTGGAGACAGA","hs|19q13.32",0.594577902567928,3.133639,5.270359,6.386168,2.938132,3.133639,7.508017,4.442157,5.270359
"IL1RAP",4,"CTCTCGGGGCAACATCAACGTCATTTTAGTACAGTACAAAGCTGTGAAGGAAACGAAGGT","hs|3q28",0.588827364121363,4.326644,7.347899,4.043567,4.326644,7.285291,3.97585,7.865374,7.347899
"DTNA",4,"CAAGAACAGAGAAATCTTACAGGAGATCCAGAGACTTCGGCTAGAGCATGAACAAGCTTC","hs|18q12.1",0.581327906448782,3.718064,6.395812,3.459921,3.718064,4.819919,6.395812,7.62998,5.227252
"TMEM232",4,"AGGGGTCATAAATCAAGATTATTTCCTTGGGATAAAGTTTCTACAATGAGTGCAAGAGCA","hs|5q22.1",0.572034456678335,2.58287,4.515235,2.265533,2.58287,4.920532,7.297235,4.038361,4.515235
"PCSK7",4,"GACCCTATATGGCTCTGTGTGGAGTGCAGTAGACATCAGGGACAGACAAAGGCTGTTAGA","hs|11q23.3",0.569302642330761,4.520908,7.941133,7.143856,4.520908,3.133639,7.941133,2.49848,8.310189
"FUT9",4,"AACATAACACTTTAAGGCAGCTAAGCAAATATTTTAATAAGCCATGAAAGGCAAGATGCC","hs|6q16.1",0.559462304428974,3.133639,5.601162,2.612415,3.156164,3.133639,2.321177,6.167669,5.601162
"OXR1",4,"TGCGTTAGCAGCTGAGCCATTTAAAGTGAGTGATGGCTTTTATGGTACTGGAGAGACCTT","hs|8q23.1",0.555986024993335,4.008349,7.209442,7.081788,4.008349,3.133639,7.688567,2.49848,7.209442
"PTPN23",4,"CAGTCATTGTCATGCTGGTTTCTGAGGCTGAGATGGAGAAGCAAAAAGTGGCACGCTACT","hs|3p21.31",0.552614171442639,3.133639,5.670573,5.901251,2.598896,3.133639,5.670573,3.813886,6.617684
"XKR6",4,"TCTGTCTTCAACATCATTTGATACTATAGACTTATTCATAAGGTCAATTGCCTAGTCAGG","hs|8p23.1",0.552245266030836,3.133639,5.674361,3.137073,2.595707,3.133639,2.695048,5.674361,7.647128
"SETD8",4,"TTTTCAGTATCTGAGCAAAACCTACTGCGTGGATGCAACTAGAGAGACAAATCGCCTAGG","hs|12q24.31",0.532817195151787,3.737118,7.013884,6.251538,3.737118,3.133639,7.013884,2.49848,7.900788
"MCTP2",4,"CAAATGCGTTCCTATGTGTCAAAAGGCCTAAATAGCCCTGTGTACCTAAAAGATGGTAAT","hs|15q26.2",0.510049154679556,3.816859,7.483316,3.816859,5.397043,3.133639,5.771027,8.478334,7.483316
"MBNL3",4,"CATTACTCTTTGTGATTTTCTAATAACCATGCTAAGTGTATTTCCACAGTGAGCTTTTGG","hs|Xq26.2",0.506448589627081,3.133639,6.187477,3.379809,2.712682,3.133639,6.187477,6.590717,5.074449
"ASRGL1",4,"AGTTCAACGCAGGTTGTGGGTCTGTCTTGAACACAAATGGTGAGGTTGAAATGGATGCTA","hs|11q12.3",0.485896763176549,3.345665,6.885547,6.00437,3.345665,3.133639,8.388474,6.885547,6.232769
"GDNF",4,"TGCTCCACCAAATCCACAAAAGGGTAAAGTTTGTGATTTTTCTTTATCATTGCGATCACC","hs|5p13.2",0.485584656112532,3.133639,6.453332,7.588268,3.05425,3.133639,6.453332,7.077239,6.386168
"CYP4V2",4,"CTTTAGTTAATTCAACCTTATAGATCATACTTATGAAGGTGATAACTGACACGTGTTCCC","hs|4q35.2",0.480082036995701,3.133639,6.527299,6.384763,2.818619,3.133639,6.527299,7.061134,2.73352
"TMC8",4,"CATCGAGGGGGCGACAAGCCTGGACCAGATGAAAGTGACTCATGTTGTTAATTAGCGGCT","hs|17q25.3",0.471296057050538,3.133639,6.648982,4.933458,2.422894,3.133639,6.829889,6.648982,4.690592
"LSS",4,"GTCTTCTTTAGAAATCACATCTGTGTTCAATCCATTGTTTAGAGGGAGTGTATTTTTCCT","hs|21q22.3",0.468560513173241,3.133639,6.6878,6.272458,2.533363,3.133639,7.259557,6.6878,2.591424
"GPR110",4,"ACAAATGTCAATGAAGAAATTATGCTCAGTATTCGATCGGGTTTTCTGATTTAGGGGTCT","hs|6p12.3",0.461555067873271,2.634008,5.706812,2.634008,2.336254,3.133639,5.706812,2.49848,6.130908
